0.019724,-0.06499,-0.023376,0.0029466,0.015912,0.012086,-0.015942,0.0089422,-0.0038602,0.0049848
0.01291,-0.038133,-0.026173,0.00032128,0.0033766,0.013969,-0.014429,-0.0044261,0.0067266,-0.0028359
0.033382,-0.055821,0.023811,-0.0086356,-0.001243,0.0024093,-0.0076994,-0.0045082,-0.005937,0.0016362
0.028817,-0.057352,0.0026156,-0.0013586,0.007078,-0.000142,-0.0043724,-0.0063749,-0.015761,0.0027477
0.041519,-0.047834,0.037307,-0.0054624,-0.0073557,0.0028517,-0.005844,-0.0074899,-0.011656,0.0054157
0.033973,-0.060821,0.024968,-0.0073116,-0.006376,0.010922,0.0030998,3.7656e-05,-0.0087875,-0.0019746
0.015531,-0.051957,-0.022643,0.0019266,0.01175,0.014174,-0.0063249,1.2754e-05,-0.0039988,0.0045489
0.031025,-0.024178,0.017365,0.0015129,-0.0042109,-0.0094889,-0.0027333,0.00097077,-0.00072728,-0.0065025
0.047874,-0.055976,0.074324,-0.014345,-0.019289,0.014696,0.010287,0.0068792,-0.0036565,-0.0012416
0.036264,-0.027494,0.030982,-0.0080246,-0.011087,0.0085192,-0.00054172,-0.013539,-0.019234,0.0034993
0.045179,-0.050694,0.070114,-0.015897,-0.018778,0.021675,0.0043112,0.0041241,-0.008113,0.0008337
0.051757,-0.04427,0.066688,-0.0095064,-0.017449,0.012551,0.0015085,0.0074999,0.00060355,0.0024114
0.023257,-0.033122,0.0064366,-0.011433,0.0022538,0.0044242,-0.01567,-0.016779,-0.016389,0.016526
0.054981,-0.042305,0.069979,-0.0078046,-0.0124,0.0043586,0.0013851,0.011223,0.0027573,-0.00013443
0.045256,-0.044255,0.056885,-0.010152,-0.02281,0.025358,0.0045305,0.0015413,-0.0027392,0.00063279
0.033821,-0.049876,0.041666,-0.014455,-0.011588,0.021343,-0.00025873,-0.01804,-0.020861,0.01302
0.05898,0.0011025,0.044386,0.01121,-0.013856,-0.022851,-0.0058857,0.00545,0.0081332,0.0027364
0.044388,-0.048731,0.067312,-0.012247,-0.025855,0.026538,0.0055474,0.0036155,-0.0046351,0.0016478
0.057713,-0.047277,0.090039,-0.017056,-0.010696,0.0029154,0.0051288,0.0147,0.0074697,-0.0019829
0.026813,-0.053578,0.013702,-0.010863,-0.0048868,0.023295,-0.012069,-0.029211,-0.020128,0.020257
0.04187,-0.038098,0.058406,-0.012052,-0.021655,0.015356,0.0018391,0.0054134,-0.0086638,-0.0037243
0.038525,-0.042063,0.036643,-0.005993,-0.011985,0.0028663,0.01121,-0.011384,-0.010819,0.004954
0.054598,-0.011664,0.062417,-0.0094009,0.0068422,-0.023057,-0.0019725,0.012632,0.018666,-0.0040417
0.05684,-0.03908,0.089853,-0.017424,-0.010444,0.0064562,0.0065785,0.017096,0.011984,-0.0032633
0.055771,-0.042837,0.086548,-0.014887,-0.015044,0.011678,0.0080873,0.01573,0.0043604,-0.00071525
0.055535,-0.0094943,0.070343,-0.012613,0.0023545,-0.0010965,0.0075003,0.015415,0.0087008,-0.0036701
0.063038,0.010309,0.064498,-0.0024883,0.0031119,-0.016789,0.0011346,0.01702,0.018499,-0.0022686
0.055848,0.0054159,0.053423,-0.013952,0.025666,-0.02027,0.0044092,0.0074883,0.020609,-0.0059089
0.063419,0.018808,0.065975,-0.01209,0.02328,-0.0025974,0.0088715,0.021888,0.019739,-0.0060225
0.063627,0.02714,0.055034,1.6764e-06,0.011752,0.0018683,0.0068376,0.022538,0.016195,-0.00040975
0.064975,0.064105,0.024588,0.010043,0.022801,-0.011431,-0.00064043,0.012466,0.010186,0.00076905
0.0090937,-0.04213,-0.033794,0.016097,-0.0063744,-0.0073317,0.035206,0.025342,-0.012729,-0.010631
0.0061964,-0.041652,-0.024109,0.0027307,-0.0033556,-0.0055175,0.015543,0.0065164,-0.022693,-0.022295
0.012221,-0.044941,-0.013138,0.013511,-0.011337,-0.0082,0.051621,-0.0070278,-0.005947,-0.0049852
-0.003308,-0.040497,-0.030862,0.016701,0.003317,-0.020181,0.062526,-0.0065708,0.0021397,0.0032035
0.020395,-0.027465,-0.017677,0.026389,-0.019047,-0.021925,0.046162,-0.010754,-0.0096226,-0.0075018
0.017598,-0.045139,-0.015166,0.0049892,-0.0048301,-0.010635,0.003464,-0.0014132,-0.021265,-0.018193
0.022397,-0.037383,-0.0024985,0.016274,-0.016198,-0.018428,0.032759,-0.016327,-0.02111,-0.0069575
0.0083907,-0.033043,-0.031302,0.022931,-0.010474,-0.010538,0.037959,0.011588,-0.0092309,-0.0079392
0.014875,-0.01857,-0.037503,0.022026,-0.023147,0.0073115,0.024085,0.022633,-0.0045535,-0.016237
0.015908,-0.024902,-0.011334,0.0071607,-0.014211,-0.017744,0.020947,-0.0073497,-0.02176,-0.014169
0.021214,-0.046367,-0.024298,0.013451,-0.013123,0.01141,0.0019464,0.013508,-0.014913,-0.016728
0.011719,-0.0033026,-0.024186,0.016766,-0.046882,0.013494,0.005433,0.0070649,0.0077576,-0.014164
0.032141,0.018725,-0.026754,0.044451,-0.055459,0.014431,0.0082524,0.00972,0.0095364,-0.0074836
0.018604,0.0042117,-0.02479,0.03023,-0.047525,0.015296,0.0035652,0.0036239,0.011975,-0.013489
0.041742,0.01383,-0.010777,0.043828,-0.059077,0.014182,0.00087441,0.0017927,0.0067192,-0.0018864
-0.030142,0.019594,-0.027501,-0.062365,-0.032209,0.00040901,-0.0040558,-0.0021441,0.0054869,-0.0088516
0.041731,0.024681,-0.022105,0.051254,-0.062802,0.013686,0.0005275,-0.00065144,0.013734,-0.0034561
-0.036658,0.030797,-0.017283,-0.05593,-0.0017011,0.00045094,0.0065689,-0.0042886,-0.00051321,-0.0064725
0.0053897,0.015957,-0.024686,-0.028386,-0.033924,0.006818,-0.0091889,-0.0089661,0.012212,-0.015018
0.041182,0.023684,-0.015524,0.045321,-0.062447,0.028894,0.001953,0.0013453,0.015962,-0.0064478
0.047188,0.050007,-0.022517,0.045985,-0.048919,0.014522,-0.010885,-0.0032319,0.0056856,0.0041419
0.026832,-0.033999,-0.0097027,0.0074373,-0.027195,0.02736,-0.0084231,-0.016227,-0.0021211,-0.0018799
0.052416,0.083902,-0.01143,0.0023704,0.029451,0.038255,0.01339,0.0034747,-0.0094507,0.0016219
-0.0036772,0.0224,-0.019194,-0.054215,-0.0031717,-0.0029931,0.0024565,-0.018443,0.0016111,-0.026602
-0.041269,0.018522,-0.018516,-0.051778,-0.006826,0.0040315,0.0021404,-0.0014942,0.0045086,-0.014639
-0.015746,0.024366,-0.028862,-0.060477,-0.031372,0.0085,-0.0072305,-0.0041128,0.0078987,-0.017034
0.0579,0.083413,-0.013406,0.022583,0.012727,0.018884,0.0019565,-0.0005929,-0.009255,0.0084651
0.04151,0.031075,-0.02118,0.045019,-0.059482,0.025881,-0.0052026,-0.0036985,0.013208,-0.0021306
0.04851,0.054721,-0.02003,0.04365,-0.039966,0.028665,-0.0037463,0.0009363,0.0079799,0.0036522
-0.054643,0.036385,-0.013911,-0.055106,-0.024125,-2.9337e-05,-0.0013732,0.012905,-0.0052025,0.008899
-0.0017434,0.014361,-0.027783,-0.04662,-0.016796,-0.0013492,-0.010096,-0.013608,0.0077998,-0.024393
0.052091,0.064982,-0.0080194,0.026734,-0.014306,0.033762,0.0017162,0.008442,0.0087278,0.0016431
0.0032202,0.014103,-0.024286,-0.052002,-0.015795,0.021246,-0.0042007,-0.016074,0.0061943,-0.027201
-0.0061431,0.042863,-0.028089,-0.058769,-0.0099114,0.015566,0.002839,-0.0012024,-0.0016161,-0.014865
0.050789,0.06101,-0.018955,0.039617,-0.036155,0.032881,-0.0040275,0.0015652,0.010598,0.0035383
0.052767,0.073592,-0.016396,0.03044,-0.018266,0.025072,-0.003562,0.0039357,0.0030153,0.0090789
0.00035236,0.029663,-0.026896,-0.052976,-0.015543,0.0083217,-0.0048854,-0.012131,0.004431,-0.026873
0.029665,-0.056345,0.019822,-0.0064163,0.0033644,0.0052902,-0.0059639,0.0013945,0.0021794,0.0017789
0.034151,-0.04501,0.01563,-0.0079605,0.0070005,0.003707,-0.013054,-0.0045996,-0.0031793,0.0040191
0.03493,-0.017943,0.0035331,0.009923,0.00041791,-0.020058,-0.017983,0.0011817,-0.0057244,0.0049742
0.049653,-0.022479,0.049271,-0.0035301,-1.5204e-05,-0.030844,0.0023167,0.003196,0.0019289,-0.0074666
0.060061,0.034241,0.040035,0.0021442,0.014442,-0.030275,-0.0036505,0.0074074,0.015123,-0.00095157
0.048073,0.051809,-0.0096144,0.031722,-0.022901,-0.018997,-0.01356,-0.0038088,-0.0013546,0.0076316
0.061245,0.070835,0.0090544,0.010536,0.021573,-0.025572,-0.0076324,-0.0004603,0.0022776,0.0023703
0.024349,0.035712,-0.0075506,0.03946,-0.029303,0.0023674,-0.0064231,-0.0031462,0.0030468,0.0056117
0.056518,0.05653,-0.0032987,0.025862,-0.0020035,-0.023684,-0.014485,-0.0058945,-0.0022064,0.010097
0.052859,0.045329,0.0058565,0.018087,-0.0013766,-0.014096,-0.0047564,-0.0027611,0.006887,0.00036115
0.058029,0.069126,-0.00822,0.037819,-0.021354,-0.015039,-0.015487,-0.0041084,0.0038031,0.011437
0.055716,0.068608,-0.0098905,0.027518,-0.010602,0.0036288,-0.0060947,0.00066278,0.0025863,0.0052461
0.057129,0.086998,-0.0014786,-0.001158,0.044112,0.029891,0.015407,0.0094504,-0.011863,0.0028499
0.061608,0.089243,-0.0083359,0.016194,0.024772,0.013675,0.0028236,0.0019743,-0.011735,0.0066898
0.052807,0.091015,-0.011452,-0.0047722,0.043988,0.035978,0.016436,0.004112,-0.017391,0.0046296
0.055317,0.093755,-0.013732,0.001633,0.03589,0.029264,0.010534,0.0023823,-0.017633,0.0060308
0.049449,0.080528,-0.0068335,-0.0055376,0.038145,0.036468,0.015974,0.0065903,-0.010893,-8.6627e-05
-0.055002,0.024205,-0.011882,-0.052527,-0.025389,-0.0092128,-0.0043437,0.011332,-0.0025128,0.0099448
-0.062095,0.026345,-0.0080177,-0.051359,-0.02087,-0.0079518,-0.00022985,0.01405,-0.0045046,0.022211
-0.037834,0.028851,-0.013646,-0.033913,-0.017886,-0.018771,-0.0045227,0.0054073,-0.0013924,0.010378
-0.064712,0.030535,-0.01496,-0.071671,-0.031027,-0.0049517,-0.00081849,0.012205,-0.0014984,0.007395
-0.076172,0.0096496,-0.0082596,-0.021716,-0.016105,-0.010711,0.0031424,0.014155,-0.0011712,0.015602
-0.072095,0.017008,-0.0093809,-0.032633,-0.020325,-0.011787,0.00039508,0.014663,-0.0020439,0.017012
0.029099,-0.010522,-0.0043573,0.022016,-0.020843,-0.034001,0.01029,-0.012933,-0.015935,-0.0058751
0.031923,0.012224,-0.015052,0.016275,-0.01078,-0.037841,-0.016278,-0.013173,-0.01713,-0.0093366
0.025922,-0.011012,-0.0284,0.033225,-0.035994,-0.003037,-0.00078438,0.0092661,-0.00065797,-0.0082541
-0.0056102,0.015339,-0.017434,-0.010239,-0.017497,-0.02064,-0.013225,-0.0088867,5.1939e-05,-0.008594
0.043254,-0.030431,0.018696,-0.00024014,0.0038358,-0.021954,-0.015173,-0.0070378,-0.01123,-0.00051114
-0.015123,-0.039311,-0.03784,0.00849,0.0079626,-0.012353,0.032306,0.020073,0.002557,0.001792
0.014294,-0.050802,-0.025756,-0.0026778,0.017929,0.014636,-0.017438,-0.00525,0.0017125,0.0063447
-0.0082258,-0.036548,-0.032929,0.011183,0.0079536,-0.012562,0.046492,-0.0039951,0.013922,0.017964
0.0015708,-0.050861,-0.037386,0.012863,0.015999,-0.011559,0.04283,0.0019317,0.0098888,0.0052143
-0.015761,-0.04022,-0.024344,0.020441,0.013043,-0.015246,0.051808,-0.007479,0.013788,0.011356
-0.010453,-0.034028,-0.030256,0.010898,0.0059748,-0.022969,0.048379,0.0050568,0.0022825,0.0011569
-0.038674,-0.0057888,-0.029485,-0.010686,-0.0066287,-0.016764,0.0076648,0.017332,0.007304,0.01557
-0.0030806,-0.045651,-0.045434,0.0098415,0.002687,-0.006449,0.027026,0.029972,0.0039892,0.0028675
-0.054069,0.014871,-0.011894,-0.0054052,-0.019377,-0.013306,0.0022145,0.019841,-0.0019976,0.027267
-0.14557,0.017596,0.036157,0.032377,0.0064729,0.0055771,-0.005352,0.0045739,-0.0096202,-0.0024039
-0.013239,-0.0070248,-0.025365,-0.029002,0.0040204,-0.0061232,0.0090181,-0.018393,0.017714,-0.0090896
-0.029038,0.0092378,-0.011721,-0.023036,0.0042498,-0.0041942,0.012375,-0.015831,0.013278,-0.0019288
0.040436,0.056794,-0.0051539,0.00048786,0.02564,0.0083211,0.0084662,-0.0097722,-0.0049253,0.001811
-0.059921,0.032579,-0.0085676,-0.048786,-0.010023,0.00039819,0.0066059,0.0057414,-0.0016397,0.0067339
0.052491,0.075033,-0.0066218,0.0045956,0.032221,0.020408,0.013062,0.00077469,-0.011661,0.0048229
0.057055,0.087493,-0.004839,0.004636,0.038294,0.036175,0.014085,0.0089694,-0.013039,0.0047349
-0.04825,0.02293,-0.020898,-0.067231,-0.023913,0.0020815,0.0028479,0.0015789,0.0059759,-0.0080087
0.0020641,-0.045825,-0.023498,-0.0041165,0.014515,0.008498,0.0020013,-0.030533,0.012461,0.016904
-0.01213,-0.039282,-0.020351,0.0044435,0.016091,0.0084192,0.004717,-0.031683,0.02576,0.014563
-0.014569,-0.032798,-0.021649,0.0055264,0.018007,0.00043796,-0.0024206,-0.020425,0.022554,0.0095868
0.015401,-0.040647,-0.0026522,-0.010874,-0.0046991,0.013073,-0.0075327,-0.0155,-0.0013272,0.010717
-0.1281,0.0062644,0.029269,0.040146,0.01785,0.0053094,-0.004025,-0.010219,0.0050162,-0.01314
0.0010705,-0.055534,-0.042129,0.00317,0.029664,0.0038921,-0.025177,0.011832,0.0084581,-0.0029188
0.013126,-0.053259,-0.0073735,-0.0042459,0.017599,0.012617,-0.014864,-0.0050951,0.014917,0.0096693
0.010937,-0.055162,-0.039448,-0.0036837,0.0192,0.01842,-0.026096,0.010504,0.0069291,-0.0029014
0.0094977,-0.066412,-0.049878,0.0043747,0.032934,0.010897,-0.030868,0.02951,0.010045,-0.001167
0.0074662,-0.033834,-0.021984,0.011161,0.0053093,-0.0046452,-0.0079265,-0.004372,0.00052647,0.018626
0.0087019,-0.063294,-0.049591,0.0012854,0.027443,0.0082029,-0.02482,0.027209,0.0073379,-0.0047562
0.010317,-0.056218,-0.024017,-6.5908e-05,0.014757,0.017053,-0.0092321,0.00056057,0.0090888,0.0023366
0.013206,-0.054618,-0.031892,-0.0075694,0.012868,0.02376,-0.018597,-0.0003996,0.0051727,-0.0011854
0.059241,0.050711,0.025256,0.0024345,0.026448,-0.031669,-0.0082884,0.0040104,0.010953,-0.0031064
0.040149,0.034843,-0.00017132,0.010234,-0.0089951,-0.036713,-0.017589,-0.0092552,-0.0093812,-0.00032717
0.014796,0.041338,-0.0080962,0.0092491,-0.007668,-0.034823,-0.0099191,-0.0064623,-0.0025345,0.0036641
0.052694,0.050437,0.007466,0.014634,-0.00020525,-0.036844,-0.015018,-0.0054446,0.0032728,0.0012341
0.050303,0.053915,-0.0079391,0.032595,-0.017468,-0.0029656,-0.0050784,-0.00051177,0.0036241,0.0081345
0.033102,0.0481,-0.015055,0.025925,-0.016491,-0.0070345,-0.013374,-0.00028603,-0.0040377,0.014404
0.020502,-0.02127,-0.02185,0.0089796,0.012123,-0.013271,-0.025621,0.00095392,-0.0013989,0.0051649
-0.080433,-0.009695,0.0098718,0.032272,0.014139,0.00040153,0.0092711,-0.012139,0.009384,-0.0073018
-0.11529,0.0042089,0.021313,0.032715,0.013498,0.0023039,-0.00031814,-0.0070647,0.0047735,-0.0093786
-0.11995,0.0087322,0.024408,0.031356,0.0079805,0.0019821,-0.0033072,0.0013366,-0.0018563,0.0036583
-0.13095,0.01456,0.031561,0.041602,0.011576,0.0054886,-0.0046856,-0.0048946,-0.00058283,-0.0064365
-0.13014,0.015465,0.032021,0.036363,0.010781,0.0031959,-0.0049612,-0.00079706,-0.00446,-0.0046673
-0.13938,0.015972,0.033807,0.031383,0.0096101,0.0061776,-0.0067422,-0.001148,-0.0059857,-0.0097709
-0.13534,0.020439,0.028957,0.023015,0.0004636,0.0018142,-0.004322,0.010188,-0.010708,0.0079141
-0.078914,0.009141,0.00086835,-0.0092649,-0.013252,-0.0084744,0.0038124,0.011812,-0.0049646,0.027058
-0.13128,0.016852,0.029915,0.026235,0.0043135,0.0047906,-0.0058722,0.0016805,-0.0059471,-0.005359
0.016038,-0.04827,-0.010915,0.0045126,0.0062819,-0.0090103,0.0080751,-0.025683,-0.0040296,0.010615
0.059761,0.075694,0.0102,-0.0025097,0.047505,0.017941,0.013172,0.0085017,-0.003775,-0.0021891
0.046113,0.071013,-0.0082097,-0.011051,0.034762,0.022248,0.012428,0.00090367,-0.011782,-0.0011827
-0.018297,-0.019486,-0.0086527,-0.0034734,0.0014934,-0.00036033,0.0065992,-0.0098937,-0.0056656,0.0096411
0.0014493,-0.026417,-0.017253,-0.0069888,0.0018659,0.0039986,-0.012081,-0.01105,-0.0057319,0.00043377
-0.086067,0.017408,0.00095016,-0.028239,-0.0042191,0.00063601,0.0012659,-0.0024748,0.0027903,-0.010105
0.0051231,-0.057882,-0.051499,0.011143,0.029598,0.0041538,-0.02418,0.025195,0.0060744,-0.0047511
0.011625,-0.067692,-0.050129,0.0038098,0.031499,0.0077894,-0.03032,0.031012,0.0039413,-0.0040382
0.019565,-0.055751,-0.025136,0.0020062,0.018559,0.0071383,-0.024839,0.0078701,0.0015092,0.0047451
0.0046152,-0.063201,-0.048128,0.0081553,0.02978,0.0002136,-0.022431,0.028084,0.0041424,-6.9116e-05
0.0072751,-0.058813,-0.05004,0.008894,0.018569,-0.0020758,-0.0063672,0.030803,-0.0071832,-0.012955
0.014998,-0.062626,-0.037132,0.0029886,0.022327,0.002104,-0.024161,0.021056,-0.0035835,0.0036143
0.0033868,-0.05409,-0.040486,0.011311,0.027245,0.00092103,-0.010403,0.014491,0.0040925,0.00088336
0.015761,-0.052593,-0.040047,0.015202,-0.0023227,0.001618,0.0090612,0.024183,-0.017378,-0.022753
0.025056,-0.057571,-0.013126,0.0046031,-0.0021751,0.0013695,0.0055096,-0.00012887,-0.020817,-0.012484
0.031146,-0.063104,0.011976,-0.0028538,-0.0014147,0.0045589,-0.0092379,-0.0090388,-0.017199,0.005769
0.027709,-0.017115,-0.0049267,-0.010913,0.0046535,-0.016785,-0.015311,-0.014251,-0.0154,-0.0087923
0.052339,0.024147,0.017848,0.010717,0.0037776,-0.033599,-0.0057607,-0.0050431,-0.0019563,-0.0011058
0.056874,0.037511,0.043793,-0.0083735,0.025422,-0.01812,0.0033472,0.016541,0.016383,-0.0048213
0.053706,0.043721,0.0091103,0.013737,0.01047,-0.047562,-0.016266,-0.006342,-0.00082016,-4.0302e-06
0.034689,0.0070473,-0.00069637,0.0087599,-0.0040654,-0.050145,-0.021787,-0.013167,-0.016876,-0.010302
0.042743,0.04127,0.0073822,-0.0027835,0.018577,-0.040602,-0.015441,-0.0055655,0.00017171,-0.0057986
0.038219,0.047906,-0.0075693,0.015457,-0.0042218,-0.029325,-0.020055,-0.0080355,-0.0078446,0.0053142
-0.0099452,-0.03159,-0.026307,-0.0011598,0.0084725,0.0018037,0.0075913,-0.027731,0.018361,0.019272
-0.072863,-0.011851,0.0036197,0.033719,0.014279,-0.0038848,0.0075273,-0.011885,0.010246,-0.0046742
-0.12584,0.0040518,0.02995,0.043459,0.020344,0.0081829,-0.00080019,-0.013833,0.0096919,-0.01154
-0.037024,-0.010131,-0.015504,-0.015943,0.0062703,-0.0064903,-0.0017935,-0.016683,0.018026,-0.0069071
-0.034905,0.0086641,-0.012473,0.0025633,-0.0081502,-0.0058038,-0.0030715,-0.0055988,0.0057143,0.013622
-0.12643,0.005877,0.0269,0.036891,0.015243,0.005348,-0.00059379,-0.0049605,0.0043991,-0.003897
-0.046947,-0.011336,-0.01511,0.0053536,0.011572,-0.0036594,0.01563,0.0094509,0.01215,0.020019
-0.11909,0.011281,0.027764,0.035595,0.012822,0.0037202,-0.0053211,-0.010315,0.0023259,-0.01397
-0.070757,-0.0089638,-0.0018148,0.0024449,0.011609,-0.00029474,0.0059634,-0.018101,0.018312,-0.0049675
-0.060096,0.018647,-0.013042,-0.028032,-0.015941,-0.0095413,0.0027661,0.015523,0.0012595,0.021748
-0.14195,0.012549,0.037757,0.0417,0.015686,0.0084772,-0.0072032,-0.0059096,-0.0028253,-0.01523
0.01098,-0.043428,-0.022211,-0.00092624,0.012858,0.0054848,-0.00060657,0.0068557,0.0028285,0.0055208
-0.1261,0.015358,0.024969,0.010528,0.0044234,0.006945,-0.0040261,-0.0034347,-0.0018395,-0.014178
-0.14143,0.018925,0.035176,0.023838,0.0061184,0.0064969,-0.0085954,0.0011453,-0.010185,-0.012114
-0.13925,0.020763,0.035721,0.031988,0.0063786,0.0064149,-0.0079559,0.00046512,-0.0091584,-0.0094484
-0.11494,0.02341,0.021141,0.016021,-0.004849,-0.0016593,-0.0042319,0.0084293,-0.0081367,0.012635
-0.11784,0.025899,0.013918,-0.016601,-0.016667,-0.0029624,-0.0041104,0.018629,-0.012652,0.019004
-0.086752,0.018143,0.0035849,-0.014805,-0.0095479,-0.0047327,-0.0050037,0.0035606,-0.0036283,-0.0040025
-0.1297,0.022958,0.023864,-0.0018476,-0.0048067,0.0023672,-0.0058929,0.0098001,-0.011247,0.0038868
-0.07439,0.018068,-0.0084239,-0.04162,-0.01937,-0.0046934,0.0017878,0.012018,6.3848e-05,0.01451
-0.092434,0.023794,0.0023649,-0.034957,-0.016703,-0.0083617,0.0020695,0.019316,-0.0082096,0.023777
-0.11157,0.019893,0.01406,-0.012955,-0.00876,-0.0022472,-0.0026225,0.0099671,-0.0065419,0.014174
-0.097894,0.023721,0.0046434,-0.037193,-0.015794,0.0031657,-0.0029603,0.0069478,-0.0054563,-0.0045113
-0.045191,0.040341,-0.018242,-0.06378,-0.019482,0.0061356,0.0022999,0.0044743,-0.0023262,-0.0058116
0.020129,-0.044214,-0.0039085,-0.0081556,0.0072572,0.011666,-0.014332,-0.032081,-0.015907,0.016653
0.038917,-0.0093042,0.018469,-0.010374,0.024839,-0.0046566,0.0048156,-0.0093863,0.003631,0.0011198
0.013527,-0.032508,-0.005223,-0.003339,0.01852,-0.0024211,0.0070547,-0.028684,0.011751,0.0085826
0.01567,-0.032842,0.0048778,-0.0082458,-0.0041323,0.013538,-0.0056282,-0.014117,-0.011522,0.011007
0.053349,0.047764,0.01779,-0.0015708,0.028885,-0.0056818,0.004607,-0.0011119,0.0030521,-0.0019305
0.025498,0.027914,-0.0075026,-0.02507,0.027533,0.005097,0.007297,-0.015217,0.0065652,-0.0068986
0.030032,0.001375,0.0092975,-0.019956,0.028592,-0.0073939,0.0051172,-0.0159,0.013686,0.0012122
0.011439,-0.014077,-0.010693,-0.016672,0.022845,0.0073419,0.013651,-0.031084,0.012162,0.0011229
0.015738,-0.046272,-0.0088624,-0.006721,0.0078856,0.014848,0.0035286,-0.031961,0.00094301,0.011984
0.032401,0.060505,-0.0011212,-0.022481,0.031639,0.0065872,0.010556,0.00020799,-0.0039828,-0.0033136
0.050079,0.072007,-0.0019548,-0.0089597,0.047025,0.020066,0.014945,-0.00091849,-0.0086158,2.4601e-05
0.023267,-0.063355,-0.016347,-0.0002498,0.0095839,0.016399,-0.024629,-0.01297,-0.0058237,0.013985
0.023241,-0.045764,-0.0061041,-0.00097837,-0.0023065,0.019934,-0.013468,-0.0058167,-0.0038867,0.0087377
0.023655,-0.053765,-0.0092479,0.0051057,0.0069313,0.0080073,-0.0064295,0.00077488,0.00017119,0.0026462
0.026387,-0.052382,0.0091697,-0.0049943,0.006817,0.0097449,0.0043483,-0.0056847,-0.0077147,0.00062254
0.036253,-0.06005,0.034165,-0.0097298,0.0009402,0.011352,-0.0010642,0.0012198,-0.0073484,0.0058482
0.042589,-0.06012,0.057288,-0.014223,-0.01232,0.013309,-0.00058478,-0.0041239,-0.010368,0.0039325
0.021409,-0.024429,-1.9812e-05,0.00055517,0.00072591,0.0047705,-0.0026481,-0.010748,-0.0093984,0.012083
0.053805,-0.050458,0.073572,-0.012317,-0.016607,0.0059255,0.0001215,0.0071691,-0.0021016,-0.0020155
0.048615,-0.036824,0.057514,-0.01316,-0.00057466,-0.0044026,-0.00086346,0.0087005,0.0040037,-0.0051219
0.042091,-0.06062,0.056548,-0.012168,-0.017326,0.022076,0.00059839,1.8752e-05,-0.0083827,0.0050038
0.041294,-0.037763,0.060092,-0.019266,-0.017578,0.015592,0.0021556,-0.0019919,-0.0086899,-0.0011795
0.038507,-0.043166,0.047592,-0.014217,-0.01121,0.012157,-0.0012322,-0.012993,-0.018357,0.0080387
0.049702,-0.049943,0.065149,-0.010263,-0.02218,0.015991,0.0043115,0.0028558,-0.004784,0.0012728
0.028125,-0.053046,0.020093,-0.0091959,-0.0053455,0.019355,-0.0043612,-0.018292,-0.019841,0.017208
0.047393,-0.051247,0.068397,-0.013486,-0.023176,0.023722,0.0021401,0.0075871,-0.00063571,-0.00029492
0.042851,-0.043542,0.033637,-0.0004451,-0.013268,-0.0074064,-0.0047716,-0.0055858,-0.0087182,0.00010139
0.023121,-0.052726,0.013809,-0.01273,-0.0057923,0.027251,-0.0077326,-0.027577,-0.018115,0.02108
0.055092,-0.043394,0.077529,-0.01268,-0.010962,0.00063753,0.0015912,0.0094725,0.0039458,0.00076657
0.041695,-0.033704,0.054976,-0.0090518,-0.02477,0.017485,0.004947,0.0033069,-0.0026728,-0.004275
0.037409,-0.055735,0.049746,-0.014878,-0.014277,0.025567,0.005333,-0.014045,-0.014328,0.01131
0.054079,-0.047195,0.081303,-0.015079,-0.014638,0.011817,0.0066848,0.011239,0.0043865,-0.001319
0.05259,-0.016455,0.052161,-0.0070491,0.0057936,-0.02528,-0.0079961,0.0096188,0.010378,-0.0071364
0.056582,-0.038941,0.086751,-0.014565,-0.01537,0.0092733,0.005923,0.01564,0.0094668,-0.0026399
0.055192,-0.024437,0.076649,-0.013895,-0.00010247,-0.0043489,0.010905,0.012522,0.014217,-0.004579
0.053763,-0.048019,0.082515,-0.017027,-0.010468,0.0097547,0.0046319,0.0127,0.0075763,-0.0012303
0.061756,-0.017707,0.085109,-0.012962,0.0029543,-0.014101,0.004205,0.020664,0.021501,-0.0059335
0.053917,-0.0011609,0.058716,-0.014262,0.015041,-0.022015,-0.00090327,0.01107,0.021815,-0.0050806
0.063241,0.017867,0.062725,-0.0048039,0.012359,-0.0058713,0.0063837,0.021635,0.020501,-0.0032047
0.062522,0.021376,0.062224,-0.0083755,0.021538,-0.0010677,0.0088369,0.022107,0.021866,-0.0051928
0.065665,0.035826,0.04932,0.0055163,0.009913,-0.018707,-0.0027993,0.016234,0.022925,-0.00061529
0.0092768,-0.050367,-0.039159,0.014391,0.0016211,-0.0063603,0.029397,0.028088,-0.011024,-0.014082
0.016005,-0.06099,-0.04606,0.010578,0.019226,-0.0029566,-0.011407,0.027562,-0.011638,-0.014258
0.031486,-0.053849,0.0048834,0.0070048,-0.013295,-0.0012851,0.020098,0.0052343,-0.025509,-0.016396
0.0081303,-0.043619,-0.026645,0.016127,-0.005004,-0.016542,0.061051,0.00023513,-0.011726,-0.0012497
0.011036,-0.035211,-0.019883,0.020863,-0.00030665,-0.029388,0.052102,-0.0086562,-0.0049853,-0.00034073
0.018811,-0.0311,-0.020551,0.020503,-0.011622,-0.017697,0.046421,-0.011363,-0.008339,-0.0010751
0.020822,-0.04094,-0.031834,0.012909,-0.0083002,-0.0083914,0.010228,0.010906,-0.023145,-0.019707
0.018971,-0.037504,-0.027854,0.0028228,0.0087734,-0.013478,-0.011104,-0.0033207,-0.021758,-0.015947
-0.024906,-0.028331,-0.022024,0.029461,0.0012651,-0.016282,0.046376,0.003484,-0.00012116,-0.0014726
0.014871,-0.032483,-0.012204,0.023158,-0.010609,-0.018507,0.044288,-0.013284,-0.012339,-0.0047812
0.0078663,-0.017838,-0.026456,0.02525,-0.015226,-0.014938,0.01366,0.0052388,-0.0067149,-0.012859
0.0039358,-0.03282,-0.03614,0.024122,-0.017642,0.0021867,0.019328,0.018487,-0.00081552,-0.012177
0.021941,-0.053568,-0.016433,0.0050037,0.0030787,-0.0016144,0.0040708,-0.010509,-0.017018,-0.0044421
0.012588,-0.04516,-0.040412,0.018052,-0.0029414,0.0018376,0.0053397,0.014547,-0.011736,-0.016745
-0.027459,0.01643,-0.02581,-0.020359,-0.022605,-0.0063316,0.0052679,0.011131,0.0053112,0.0090626
0.025815,0.0071035,-0.02851,0.044377,-0.059063,0.017894,0.011703,0.0055381,0.012733,-0.011566
0.030792,0.0074245,-0.027142,0.043261,-0.054037,0.0068516,0.0025715,0.0076433,0.0072886,-0.011138
-0.0065039,0.012915,-0.030436,-0.036586,-0.027147,0.0034424,-0.0047139,-0.0054415,0.010375,-0.010552
0.037009,-0.00018434,-0.0063855,0.04067,-0.055525,0.015168,0.0055558,0.0048231,0.0049609,-0.0055459
0.010694,0.024872,-0.008405,-0.022017,0.019592,0.00027797,0.010032,-0.010165,-0.0007978,0.0038517
0.03403,0.017307,-0.021382,0.045753,-0.067449,0.025866,0.002331,0.0030365,0.01512,-0.0061242
-0.0097491,0.011328,-0.027418,-0.041046,-0.023635,-0.0051873,-0.0031777,0.001753,0.004182,-0.0093076
0.051158,0.058431,-0.024041,0.052846,-0.049328,0.019637,-0.0096255,0.00029408,0.0085407,0.0072589
-0.016507,0.036507,-0.020459,-0.066649,-0.0049521,0.0023445,0.0051792,-0.0070242,0.0022348,-0.012777
0.032117,-0.0036052,-0.0097868,0.018257,-0.050851,0.030519,-0.0010731,-0.0078708,0.0071581,-0.01234
-0.0079761,0.02613,-0.029761,-0.053614,-0.028984,0.0047583,-0.0085261,-0.0091272,0.0075489,-0.022587
0.05219,0.068791,-0.021903,0.044602,-0.036107,0.021111,-0.0092882,0.00093735,0.0059251,0.011757
0.053727,0.069237,-0.016102,0.03055,-0.0088744,-0.0075132,-0.014296,-0.0018971,-0.0028025,0.0079494
0.034991,0.030271,-0.023043,0.041365,-0.057456,0.024438,-0.0063113,-0.0053853,0.015097,-0.0063651
0.018074,0.049222,-0.022575,-0.049258,0.010235,0.015074,0.0030852,-0.015428,0.00073432,-0.023519
-0.019178,0.038945,-0.020805,-0.061842,-0.01828,-0.00014283,0.00015464,0.0078572,0.00077989,0.0047159
0.055705,0.077203,-0.0006365,0.0082053,0.019692,0.035502,0.011679,0.010921,-0.0010187,0.00076985
0.01003,0.03377,-0.027201,-0.042799,-0.0098331,0.010671,-0.0019077,-0.012759,0.0084362,-0.024998
0.048443,0.060447,-0.01888,0.040947,-0.040359,0.014775,-0.010747,-0.00065712,0.012031,0.004188
0.055801,0.068214,-0.010549,0.035557,-0.016776,0.020488,-0.0040576,0.0029399,0.0087143,0.0059084
-0.0010017,0.040231,-0.01685,-0.05114,-0.009603,-0.0011289,-0.0024443,-0.00076748,0.0016351,-0.0060959
0.056597,0.08868,-0.013614,0.011414,0.020167,0.033024,0.0061932,0.0041194,-0.010754,0.0034815
0.0091989,0.014376,-0.019453,-0.046634,-0.0081072,0.005353,-0.0091666,-0.015424,0.010409,-0.026153
-0.00070213,0.038903,-0.02316,-0.044057,-0.014656,-0.0026527,-0.0047876,-0.0076075,0.0055157,-0.016557
0.049157,0.051344,-0.013263,0.037613,-0.04473,0.029274,-0.0043084,0.0022021,0.016126,-0.00024323
0.040309,-0.05413,0.033155,-0.011611,0.0032821,0.0061771,-0.012786,0.0012328,0.0014101,0.0005207
0.03367,-0.0090122,-0.012255,0.02303,-0.01511,-0.0096783,-0.022648,-0.0031103,1.3763e-05,0.0054102
0.045047,-0.01102,0.028912,-0.00029762,0.00091245,-0.029653,-0.0099003,-0.0044569,-0.003593,-0.001462
0.052356,0.03863,0.025927,-0.00051091,0.01861,-0.039328,-0.010948,-0.00042111,0.0062046,-0.0032123
0.057168,0.02808,0.043768,-0.0046014,0.019277,-0.027695,-0.0011049,0.010185,0.017295,-0.002651
0.032483,0.034908,-0.013606,0.037795,-0.039658,-0.013859,-0.011911,-0.0030117,0.0037557,0.0022707
0.059048,0.066923,0.013117,0.0020677,0.033357,0.00723,0.0050173,0.010709,-0.00029665,-0.003757
0.035643,0.037236,-0.0030129,0.019472,-0.0055128,-0.026662,-0.010551,-0.0034772,-0.00049092,0.005948
0.049805,0.055959,-0.00756,0.033247,-0.019737,-0.013988,-0.010285,-0.00027792,0.0047979,0.014328
0.043658,0.059467,-0.007696,-0.0044812,0.02556,-0.01021,-0.0022582,-0.0027071,-0.0098207,-0.0045715
0.047737,0.040205,0.0055682,0.01872,-0.0060048,-0.028507,-0.014866,-0.0044654,0.0021166,0.0033484
0.062096,0.083891,0.0027828,0.013512,0.028262,0.023471,0.0077561,0.011917,-0.0024864,0.0061913
0.055757,0.06523,-0.009653,0.033942,-0.013828,-0.020258,-0.017727,-0.0031167,-0.0013721,0.013562
0.054866,0.073008,-0.013548,0.028581,-0.0063289,-0.0038092,-0.011456,-0.00066052,-0.0022746,0.0066757
0.040592,0.072671,-0.0059041,-0.021165,0.046659,0.019751,0.013252,0.0007805,-0.014511,-0.002994
0.061367,0.088156,-0.0039277,0.0086741,0.031345,0.0011751,-0.00078751,0.00011537,-0.0096982,0.0040727
0.053221,0.082545,-0.011894,0.0013377,0.039384,0.022379,0.007569,0.0028633,-0.016513,0.00078655
0.057072,0.093382,-0.011061,0.00073483,0.038337,0.026482,0.010381,0.0039576,-0.017747,0.0039511
0.055782,0.088228,-0.015056,0.0083278,0.028763,0.01749,0.0017127,1.9724e-05,-0.016891,0.0036306
-0.029288,0.036479,-0.0089582,-0.031757,-0.014501,-0.015356,-0.0050236,0.0065573,-0.0010657,0.016485
-0.037884,0.022897,-0.009476,-0.047406,-0.017516,-0.023646,-0.0041171,0.0055611,0.0015367,0.010402
-0.036496,0.028572,-0.017553,-0.061238,-0.014698,-0.0035572,0.0022724,0.00084984,0.0025222,0.0010688
-0.04587,0.012247,-0.012017,0.0052479,-0.016332,-0.017786,0.0077438,0.0089436,0.0058882,0.024123
0.037545,-0.035232,0.019882,0.0085326,-0.011378,-0.0082815,-0.009388,-0.0037056,-0.014266,0.0043376
0.026314,-0.028295,-0.0083241,0.014496,-0.010898,-0.011337,-0.0038051,-0.015498,-0.014949,-0.005915
0.029819,-0.027493,0.0047632,-0.0036446,-0.0020201,-0.024955,-0.009126,-0.014573,-0.021404,-0.013394
0.039151,0.010158,-0.0054049,0.023279,-0.019266,-0.037753,-0.0078922,-0.013834,-0.016189,-0.0038958
0.011329,-0.033053,-0.022619,0.0075956,-0.0067174,0.008004,0.0037166,-0.004599,-0.0085704,-0.0043138
0.035289,0.017626,-0.016373,0.030879,-0.032521,-0.016924,-0.015127,-0.0022339,-0.0057231,0.00027206
0.011122,0.020186,-0.0063474,-0.008524,-0.012925,-0.03907,-0.019333,-0.0072413,-0.014341,0.0026542
-0.051295,0.020952,-0.013068,-0.030612,-0.023216,-0.011658,-0.00056531,0.0099898,0.0024076,0.018062
0.013391,-0.031568,-0.011321,-0.0046987,-0.0022881,0.018953,-0.01676,-0.015223,0.0040867,0.0045038
0.0059446,0.027482,-0.013025,-0.033184,0.0040261,0.0062241,-0.0019241,-0.010631,0.00037949,-0.0065299
0.00039274,-0.052297,-0.04142,0.0048854,0.019067,0.00011598,0.013736,0.014004,0.0095698,0.0069873
-0.0019435,-0.052328,-0.039769,0.017834,0.018779,-0.011884,0.029356,0.012376,0.0077719,0.003704
-0.03726,-0.032247,-0.023429,0.023868,0.014779,-0.013299,0.045283,0.0034704,0.01322,0.012775
-0.0024217,-0.026307,-0.026002,0.028,-0.0020403,-0.026064,0.052718,0.004867,0.00067728,0.0019042
-0.0026421,-0.047823,-0.038679,0.0041698,0.008104,-0.0087995,0.018462,0.022403,0.0047509,0.0073475
-0.073376,0.0058314,-0.014516,-0.029997,-0.016246,-0.011295,0.0094314,0.026416,-0.0020481,0.02985
-0.14111,0.015456,0.034865,0.035708,0.0096236,0.0051736,-0.0055878,0.00025666,-0.0052647,-0.0062893
-0.031594,0.010156,-0.020221,-0.041774,-0.0036829,-0.0041691,0.0032728,-0.010455,0.01049,-0.013058
-0.030789,0.019618,-0.014785,-0.047086,-0.0012592,-0.0040616,0.0083309,-0.012586,0.011439,-0.00058057
0.035016,0.026813,-0.0079132,-0.011959,0.036972,0.0085443,0.013959,-0.015285,-0.0090968,-0.00026766
-0.053758,0.028803,-0.016246,-0.064848,-0.017284,0.0032899,0.0020215,-0.0038189,0.0032205,-0.014007
0.051775,0.083418,-0.0055652,-0.0035432,0.031258,0.027031,0.012004,0.0069807,-0.0090815,0.0041799
0.044581,0.074407,-0.0097044,-0.016291,0.038912,0.017328,0.012844,-0.0040039,-0.0096265,-0.0023543
-0.026965,0.037182,-0.024402,-0.06786,-0.013429,0.0097411,0.0044471,-0.0026754,0.0036102,-0.015875
-0.043046,0.032039,-0.017318,-0.065837,-0.014563,0.0023052,0.0024867,0.0023345,-0.00034957,-0.0070422
-0.0057806,-0.033628,-0.020765,-0.0078434,0.01698,0.0054175,-0.00038744,-0.034357,0.022912,0.01284
-0.011679,-0.031056,-0.016904,0.0025263,0.0098657,0.0055495,0.0019064,-0.034406,0.018218,0.0075871
-0.029315,-0.019952,-0.010982,-0.0003312,0.012314,0.001178,0.0021251,-0.021808,0.03051,0.011667
-0.041961,-0.028331,-0.0078395,0.012654,0.021254,0.0026447,0.0016547,-0.021614,0.023879,0.0049394
0.0089738,-0.036295,-0.0010252,-0.011338,0.014374,0.0063013,-0.0094051,-0.02339,0.011535,0.0057839
-0.11698,0.0014885,0.024301,0.039399,0.019375,0.0040282,-0.0014948,-0.011668,0.0082123,-0.0090713
0.018095,-0.047075,-0.0051944,-0.01212,0.01185,0.018056,-0.018774,-0.0042281,0.0058248,0.0064046
0.012823,-0.068518,-0.049248,0.0053924,0.033798,0.0044005,-0.034108,0.025499,0.0037044,-0.0029183
-0.020551,-0.029354,-0.023167,-0.0022395,0.014391,-0.00019471,-0.02412,0.0036134,0.010243,-0.0067591
-0.0060567,-0.050957,-0.01884,0.0090944,0.024271,0.0054988,-0.013728,-0.0016607,0.016421,0.012415
0.018193,-0.04734,-0.0065312,-0.015009,-0.0032846,0.02545,-0.012565,-0.0060492,0.0023766,-0.0035352
-0.0051953,-0.048499,-0.027869,-0.003504,0.020132,0.0012362,-0.015499,0.0066156,0.01409,0.0092402
0.016347,-0.057136,-0.025915,-0.0065208,0.016769,0.019042,-0.025193,0.0044861,-0.00085755,0.001311
0.01192,0.027065,-0.0095244,-0.0017795,-0.0050577,-0.035459,-0.01736,-0.011792,-0.010303,-0.011227
0.0036076,0.030363,-0.014421,0.00237,-0.021761,-0.022977,-0.016504,-0.0030978,-0.0029335,0.0035431
0.05656,0.062582,0.007634,0.0092589,0.019921,-0.019084,-0.007229,-0.0013521,0.002272,0.000367
0.052057,0.060187,-0.013416,0.03611,-0.021977,-0.024233,-0.020542,-0.0068587,-0.0036622,0.0095491
0.034137,0.028604,-0.0090227,0.013101,-0.0094336,-0.051639,-0.022724,-0.01152,-0.015968,-0.00023654
0.040386,0.055993,0.0042408,0.0082838,0.013747,-0.018,-0.0065275,-0.0031045,3.9857e-05,0.0019374
0.019089,-0.057062,-0.041904,0.0023772,0.033447,0.009917,-0.028318,0.019339,0.00056509,-0.0021594
0.01575,-0.029909,-0.018377,0.0083002,0.0094,-0.020075,-0.021487,0.0013411,-0.016469,-0.0041209
0.00020949,-0.042583,-0.024153,0.00099559,0.010783,-0.0031749,0.012337,-0.020554,0.0075757,0.013229
-0.079509,-0.01073,0.011683,0.024372,0.019991,0.005883,0.0027388,-0.023349,0.022099,-0.0063346
-0.099903,-0.0090027,0.013034,0.036512,0.020088,0.0059102,0.00055375,-0.0071966,0.013741,-0.0067854
-0.13499,0.0079689,0.033406,0.043816,0.017532,0.0076748,-0.0040634,-0.0072871,0.0029119,-0.00941
-0.11227,0.0088493,0.025758,0.043666,0.011161,0.0038528,-0.0039036,-0.0080703,0.0029972,-0.006903
-0.12491,0.0054567,0.029138,0.04265,0.016181,0.0048566,-0.0015693,-0.0069573,0.0017508,-0.0073734
-0.14347,0.015155,0.036177,0.034623,0.010877,0.0070506,-0.0064886,-0.00039207,-0.0056468,-0.0065043
-0.11785,0.01423,0.015909,0.0065827,-0.00501,-0.0025916,0.0012044,0.014667,-0.0045358,0.019399
-0.13388,0.015911,0.035133,0.038594,0.011764,0.0058831,-0.0072347,-0.0024081,-0.0048595,-0.0084116
-0.14214,0.017716,0.030705,0.02172,0.0020647,0.0029164,-0.0042657,0.0098918,-0.010272,0.0061509
-0.08681,0.012927,0.0092391,0.007532,-0.0079225,-0.0066513,0.0085722,0.012695,-0.009748,0.023475
-0.13808,0.019076,0.034922,0.032177,0.0045574,0.0070853,-0.005756,0.003527,-0.0091358,-0.0054466
-0.12617,0.018718,0.02009,0.00040853,-0.0069838,-0.0014424,-0.001659,0.013554,-0.0090706,0.014961
-0.073418,0.016983,-0.0068957,-0.04472,-0.02294,-0.0082166,0.0014526,0.015836,-0.0058377,0.024017
-0.092394,0.026422,-0.0032367,-0.05026,-0.02649,-0.0072714,0.00031239,0.021984,-0.0081905,0.02303
-0.081136,0.019613,-0.0069225,-0.046765,-0.021437,-0.006293,0.0002327,0.014651,-0.0011834,0.020142
0.052255,0.058609,0.011926,-0.0094892,0.043657,0.00048808,0.00838,0.0005175,-0.00076499,-0.0041565
0.052029,0.074778,-0.0014708,-0.0084806,0.045977,0.013208,0.010479,0.0018416,-0.0079309,-0.00116
0.0080076,-0.039063,-0.018008,-0.0062327,0.0015257,0.012838,-0.0078227,-0.010828,-0.0032691,0.0091651
0.002615,-0.025288,-0.006447,-0.0058751,0.0043033,-0.0049428,0.0022168,-0.0020175,0.0037866,0.012882
-0.05366,0.010558,-0.016449,-0.047833,-0.013522,-0.0032138,0.013443,-0.0074899,0.0092134,-0.0050601
-0.05756,0.030617,-0.015508,-0.071259,-0.017896,0.00092897,0.0047821,0.0013231,0.0020899,-0.0058645
0.026392,-0.023657,-0.0078971,0.011255,0.0011945,-0.029563,-0.007584,-0.012677,-0.014121,-0.0080644
0.049385,0.0075867,0.031756,-0.0028263,0.010363,-0.040743,-0.01003,-0.0028397,0.001458,-0.012381
0.0040679,-0.0029111,0.00063938,0.0077978,0.01011,-0.037304,-0.012756,-0.014806,-0.0083682,-0.01175
0.013019,-0.012491,-0.026221,-0.0029434,0.00038822,-0.021227,-0.01626,-0.0016438,-0.009752,-0.0037982
0.033799,0.02032,0.012485,-0.0024951,0.0044414,-0.041374,-0.0094125,-0.0055845,-0.0075262,-0.0070104
-0.005826,-0.055317,-0.047401,0.0082702,0.030002,0.0081281,-0.017688,0.02053,0.019455,-0.0019547
0.0090325,-0.063179,-0.050553,0.0020148,0.030596,0.010442,-0.034244,0.028018,0.010146,-0.00059921
-0.0040124,-0.05313,-0.04797,0.010482,0.02185,-0.0014136,-0.0055547,0.028323,0.0023682,-0.014923
0.013381,-0.061774,-0.05373,0.01569,0.021293,0.0025688,-0.0083487,0.036511,0.0017505,-0.00673
0.009484,-0.058349,-0.047335,0.00073888,0.022785,-0.00097217,-0.030857,0.022667,-0.0054983,-0.010814
0.010187,-0.048278,-0.038707,0.012298,0.026378,-0.0097008,0.0005203,0.016409,0.0022187,-0.00014148
0.017852,-0.050569,-0.028478,0.0035625,0.01004,-0.0059414,-0.027081,0.0081029,-0.0077072,0.0008038
0.012705,-0.059962,-0.0333,0.0038292,0.017527,0.00047711,-0.013574,0.0042725,-0.0048555,0.00037631
-0.0036449,-0.03249,-0.018634,-0.011299,0.0080568,0.0035754,0.0063778,-0.033682,0.019953,0.014533
-0.0649,-0.020343,-0.002226,0.031854,0.018695,-0.0029004,0.01458,-0.010557,0.016588,0.0075169
-0.049697,-0.025644,-0.015283,0.015897,0.018505,-0.00010701,0.0088848,-0.0066232,0.020958,0.0097676
-0.074335,0.0066814,-0.0074542,-0.010673,-0.0071238,-0.0093397,0.013482,0.019776,0.0015066,0.027313
-0.062872,-0.020715,-0.0022187,0.019797,0.022445,0.0039514,0.0024007,-0.02057,0.027065,0.002301
-0.14181,0.012292,0.036598,0.040472,0.014732,0.0089845,-0.006079,-0.0065127,-5.4267e-05,-0.013545
-0.09197,0.0031363,0.0038558,0.0017553,0.0058663,-0.0025968,0.0049375,-0.010257,0.011929,-0.0041272
-0.13188,0.011338,0.032458,0.033771,0.013779,0.0065564,-0.0054004,-0.0094277,0.00021883,-0.017906
-0.14403,0.015245,0.037862,0.036513,0.012001,0.0089818,-0.0071068,-0.0028091,-0.0055375,-0.014101
-0.018429,-0.018766,-0.010391,0.0041145,0.0094963,-0.0063866,0.0055959,-0.0037106,0.0083635,0.010062
-0.12891,0.016949,0.02645,0.011637,0.0023777,0.0068451,-0.0058,0.0012404,-0.006292,-0.010292
-0.14384,0.01932,0.035501,0.023972,0.0053136,0.0072866,-0.007033,0.0027147,-0.0098954,-0.0082634
-0.10976,0.020488,0.013039,-0.015776,-0.0059591,0.0028136,-0.004591,0.0018719,-0.0056469,-0.011384
-0.13766,0.02173,0.03152,0.016468,0.0037485,0.004789,-0.0062516,0.007631,-0.011413,0.00071659
-0.10434,0.022276,0.0080319,-0.030424,-0.013296,0.0017972,-0.002769,0.0071511,-0.0062092,-0.0037609
-0.098731,0.023146,0.0077281,-0.026676,-0.0089585,-0.00044166,0.00051643,0.0097808,-0.0051441,0.011304
-0.080174,0.027528,-0.0043078,-0.051869,-0.015181,0.0027542,6.2922e-05,0.0012945,-0.0011772,-0.011635
0.027051,-0.051309,0.012153,-0.0092008,-0.00091024,0.011974,-0.003008,-0.029339,-0.020939,0.010894
0.0094046,-0.036517,-0.0079977,-0.0091389,-0.0067413,0.017785,-0.0058456,-0.013725,-0.011999,0.008814
0.051016,0.01709,0.037271,-0.010761,0.023109,-0.012798,0.0051237,0.00037269,0.010244,-0.0053841
0.011978,0.0034318,0.0083419,-0.02188,0.017806,-0.012146,0.0069732,-0.015962,0.019583,0.0022861
0.036383,0.036697,-0.0029213,-0.018407,0.040535,-0.0037871,0.0048641,-0.0067616,0.00029358,-0.0073789
0.014583,0.021746,-0.0095677,-0.032492,0.019918,-0.00034179,0.010981,-0.021262,0.011602,-0.0085281
0.016385,-0.048042,-0.010474,-0.0068302,0.0087334,0.013512,0.0055122,-0.029792,-0.0059376,0.012855
0.047651,0.034405,0.015529,0.00079214,0.015999,-0.03068,-0.0035774,-0.005947,0.0069395,0.00088995
0.044291,0.058024,-0.0075352,-0.0036975,0.029683,0.015753,0.011361,-0.0011994,-0.0090297,-0.0016741
