0.017582,-0.064116,0.016391,0.001396,-0.019565,0.0021874,-0.001387,-0.0080085,0.021541,0.0023356
0.010754,-0.050196,0.021196,-0.0053793,-0.022224,-0.031505,0.0096635,-0.013015,0.013659,0.0045091
0.027689,-0.055195,-0.012274,-0.0026663,-0.0091852,0.016313,-0.012565,-0.0071469,0.01418,0.0035148
0.033386,-0.057497,-0.027848,-0.012182,-0.0069533,-0.0095917,-0.015102,-0.014739,0.00288,0.016618
0.045435,-0.061359,-0.052618,-0.012557,-0.0038562,0.0045518,-0.015125,-0.0077143,0.010458,0.0035558
0.045075,-0.056597,-0.056078,-0.011422,-0.003079,0.009083,-0.01118,-0.0042919,0.013912,-0.003652
0.017038,-0.05526,0.0059701,-0.017405,-0.024217,-0.057374,0.0019536,-0.027178,-0.0052457,0.019174
0.058261,-0.034668,-0.068271,-0.001649,0.0044853,0.024208,-0.012323,-0.014458,0.016078,-0.00516
0.056258,-0.060649,-0.084703,-0.023607,0.0069225,-0.0094613,-0.01554,0.009216,0.0093935,0.0012748
0.032508,-0.054315,-0.032743,-0.024976,-0.0049852,-0.0474,-0.0061365,-0.008523,-0.0093591,0.018852
0.048779,-0.059418,-0.071677,-0.026947,0.0085984,-0.027316,-0.014419,0.010399,0.0074922,0.0057475
0.059285,-0.057794,-0.088888,-0.018486,0.0074795,0.0080244,-0.015309,0.0072437,0.014936,-0.0045734
0.018344,-0.053685,0.0032848,-0.019071,-0.01949,-0.057671,-0.0053879,-0.031426,-0.018612,0.025032
0.066048,-0.038196,-0.08823,-0.0052345,0.0010108,0.027062,-0.0090286,-0.0068616,0.014073,-0.010484
0.054562,-0.049641,-0.082087,-0.021172,0.0090652,-0.0072141,-0.017879,0.0070461,0.010726,-0.0010154
0.026957,-0.054896,-0.01894,-0.025447,-0.011309,-0.059709,-0.00876,-0.023415,-0.019407,0.029802
0.062866,-0.024438,-0.072048,0.0040548,0.00042351,0.034579,-0.012132,-0.024041,0.012843,-0.0047765
0.04716,-0.053777,-0.069288,-0.024384,0.011563,-0.018487,-0.019794,0.0095672,0.0098741,0.0025334
0.070875,-0.039576,-0.10004,-0.0098718,0.003483,0.017651,-0.011243,0.00038266,0.010579,-0.010594
0.016293,-0.050487,0.0054971,-0.020329,-0.021611,-0.064406,-0.0026591,-0.032908,-0.019679,0.023661
0.04944,-0.052412,-0.071448,-0.024586,0.0061559,-0.024284,-0.01863,0.007095,0.007901,0.0046221
0.047917,-0.058682,-0.061452,-0.025245,2.5969e-05,-0.033083,-0.018356,-0.0053755,-0.0081024,0.016901
0.069225,-0.011327,-0.078601,0.0085972,-0.0030492,0.037734,-0.003158,-0.020649,0.0075557,-0.012473
0.071843,-0.03874,-0.10279,-0.012124,0.0033177,0.013623,-0.01446,0.0041721,0.011442,-0.0094571
0.067548,-0.04533,-0.097621,-0.015518,0.0034934,0.00744,-0.014866,0.008098,0.0092475,-0.005983
0.065825,-0.022146,-0.082557,-0.0074573,-0.003967,0.012785,-0.019423,-0.0022294,0.009445,-0.0034261
0.071644,-0.016932,-0.087799,0.003775,-0.0026397,0.033597,-0.0089327,-0.015643,0.0096931,-0.012146
0.065905,-0.0069367,-0.072654,0.0078703,-0.0089393,0.037702,-0.011073,-0.023029,0.0099907,-0.0089432
0.077457,0.011324,-0.076553,0.0082492,-0.012749,0.024783,-0.0071028,-0.0019862,0.0055997,-0.010574
0.072571,0.028168,-0.055408,0.0074356,-0.020735,0.019869,-0.021442,-0.002108,0.0097746,-0.00085226
0.07547,0.064244,-0.028204,0.027048,-0.020253,0.016923,-0.0083844,-0.020007,0.0057388,0.0018248
0.011061,-0.055189,0.048868,0.012528,0.010116,0.026385,-0.027863,0.0088373,-0.014393,0.01012
0.010143,-0.048421,0.048034,0.013422,0.012785,0.028266,-0.016486,0.005221,-0.0046766,0.02079
0.01287,-0.060123,0.034931,0.011174,0.003957,0.026157,-0.036816,0.0024879,-0.030798,0.0023536
-0.0015055,-0.052899,0.046564,0.014753,-0.00049485,0.025966,-0.038851,0.0014349,-0.037444,-0.0074584
0.017836,-0.048971,0.025062,0.0093134,0.017534,0.025735,-0.032415,0.0011557,-0.033919,0.010531
0.018639,-0.031605,0.028346,0.011319,0.023368,0.027741,-0.015885,-0.012283,0.004791,0.024192
0.027956,-0.04194,0.0036112,0.0032472,0.016908,0.018008,-0.031802,-0.0087501,-0.012722,0.019357
-0.0095532,-0.041828,0.04368,0.012574,0.01046,0.019164,-0.037799,0.00094395,-0.022801,-0.0019075
-0.00026936,-0.036951,0.049951,0.0041902,0.023362,0.020274,-0.0314,0.0059129,-0.0043795,0.002361
0.015028,-0.028835,0.02271,0.0089983,0.021632,0.017601,-0.028081,-0.0088068,-0.013849,0.012686
0.0081091,-0.012251,0.030538,0.0092141,0.025303,0.0058936,-0.021789,-0.004507,-0.0031758,0.011419
-0.0042494,0.00072422,0.030639,-0.041114,0.031182,0.0059176,-0.023124,-0.0049843,0.010598,-0.014083
0.020975,0.0046885,0.036367,-0.000414,0.057347,-0.01456,-0.035482,0.0188,0.01949,0.0015537
0.010407,-0.0076745,0.038264,-0.016793,0.041141,-0.0039226,-0.029495,0.0088182,0.012559,-0.0040758
0.028978,0.01288,0.027719,0.0052852,0.063367,-0.023724,-0.02562,0.0063174,0.02493,0.00071003
-0.02837,0.01931,0.027705,-0.068693,0.021291,0.014237,-0.0062919,-0.015241,0.0089543,-0.01457
0.029496,0.0086556,0.028121,-0.0022126,0.064652,-0.027948,-0.034671,0.019217,0.028194,0.00025733
-0.02352,0.03405,0.010105,-0.041553,-0.022548,0.0089995,-0.0063541,0.0029503,-0.0043182,0.0058303
-0.013161,0.015495,0.031939,-0.061025,0.025309,0.012094,-0.012593,-0.013952,0.011759,-0.020286
0.036268,0.018853,0.019432,-0.00030133,0.061605,-0.030551,-0.030906,0.013738,0.034808,-0.00033395
0.037154,0.056742,0.032567,-0.0040068,0.03853,-0.017946,-0.016326,-0.0088328,0.027189,-0.0028351
0.020599,0.0077916,0.01929,-0.040611,0.040263,-0.018453,-0.02191,0.0050842,0.026971,-0.016054
0.048681,0.085693,0.016597,-0.0087206,-0.048514,-0.00081332,-0.019962,0.024506,0.00043019,0.012179
-0.0049799,0.04907,0.020621,-0.061844,-0.023865,0.011977,-0.0027325,0.0044411,-0.0017479,-0.0031785
-0.035983,0.0405,0.014414,-0.06498,-0.012162,0.014225,0.000482,-0.0046054,-0.00022887,0.0024424
-0.016336,0.033239,0.029861,-0.079899,0.020591,0.011391,0.0012376,-0.013633,0.013397,-0.019755
0.065396,0.095925,0.018741,0.01859,-0.014054,-0.010663,-0.018165,-0.00029176,0.016168,0.010968
0.037594,0.027655,0.019882,-0.0013578,0.045217,-0.027761,-0.0334,0.02125,0.031167,0.0014776
0.052976,0.08183,0.024405,0.0077128,0.010613,-0.017375,-0.018265,-0.00011239,0.024678,0.004152
-0.08092,0.034316,-0.0030328,-0.048723,0.012175,0.017016,0.0076647,-0.015289,0.0044983,0.015211
-0.0038309,0.031384,0.034194,-0.079392,0.012555,0.0087553,7.3431e-05,-0.010674,0.012407,-0.02661
0.059744,0.083964,0.010275,0.00051874,-0.02466,-0.010221,-0.028178,0.026121,0.017627,0.010141
0.00011317,0.0404,0.030915,-0.080012,0.0011492,0.010339,-0.0020435,-0.0013337,0.0096501,-0.021498
0.007289,0.057776,0.029922,-0.065201,-0.0028612,0.0053739,-0.0065092,0.0023541,0.01335,-0.0099773
0.045442,0.052278,0.020483,0.00098142,0.025732,-0.024014,-0.027762,0.021679,0.027015,0.0018821
0.059286,0.087132,0.022777,0.0062413,-0.0034913,-0.019576,-0.025005,0.018677,0.023557,0.0067262
0.0038873,0.038059,0.032177,-0.074185,0.0090622,0.0078164,-0.003071,-0.0052557,0.013088,-0.023788
0.032074,-0.047819,-0.01761,0.0027933,-0.0046384,0.030222,-0.0099152,-0.015966,0.015236,0.0040629
0.03903,-0.046231,-0.035433,-0.0011125,-0.0022215,0.02606,-0.010877,-0.014074,0.01494,0.00067976
0.040015,-0.034756,-0.034068,0.0016917,0.00078026,0.032317,-0.0056745,-0.015728,0.015988,0.0031381
0.059521,-0.021046,-0.063433,0.0079032,0.0018307,0.038268,-0.0082382,-0.02408,0.0089418,-0.0061557
0.069164,0.013369,-0.061785,0.016685,-0.0107,0.03662,-0.007838,-0.027738,0.0071972,-0.0075504
0.029685,0.038029,0.022001,0.018078,0.043854,-0.0096802,-0.012711,-0.024326,0.018322,0.0073138
0.07006,0.07786,-0.006149,0.033762,-0.01338,0.0089261,0.00063456,-0.028527,0.0018829,0.0035798
0.041553,0.037132,0.017984,0.01946,0.037564,-0.0062231,-0.018702,-0.028697,0.024948,0.0052371
0.054961,0.060275,0.0097972,0.031022,0.013901,-0.00093728,0.0012274,-0.034936,0.0079798,0.0032224
0.061867,0.07644,0.010336,0.030275,0.0057583,-0.00084863,-0.0017299,-0.034142,0.010077,0.004298
0.054666,0.05636,0.0090719,0.023678,0.02519,-0.0050526,-0.0077499,-0.029626,0.018328,0.0012348
0.060101,0.077126,0.01327,0.02986,0.0074307,-0.0050612,-0.0042222,-0.029901,0.012167,0.0066832
0.069223,0.097854,0.0048097,0.015611,-0.050401,0.00072667,-0.018539,0.017197,0.00090399,0.014538
0.068846,0.092281,0.011249,0.031513,-0.014146,-0.0039647,-0.0030478,-0.014773,0.0042118,0.0081144
0.062578,0.10091,0.011091,0.0062257,-0.04956,-0.0036508,-0.019229,0.025737,0.0024326,0.015644
0.063684,0.10167,0.01884,0.014025,-0.03394,-0.0072818,-0.016793,0.010561,0.0067668,0.014887
0.060812,0.098228,0.012465,0.004428,-0.03959,-0.0034518,-0.019749,0.017129,0.0080136,0.013761
-0.046922,0.025336,0.012232,-0.056195,0.012846,0.017916,0.00070747,-0.018548,0.0049137,6.5313e-05
-0.073336,0.025405,0.0019537,-0.052053,0.014466,0.018344,0.0027627,-0.015286,0.0039007,0.010184
-0.03408,0.024428,0.016708,-0.061504,0.0095644,0.014047,0.0035201,-0.010897,0.0053263,-0.011664
-0.073307,0.031642,0.0033644,-0.065847,0.011062,0.018475,0.010999,-0.014206,0.0027258,0.0076547
-0.07279,0.0066713,0.0040933,-0.015467,0.013815,0.016142,-0.012206,-0.0094337,-0.0030306,0.0069046
-0.065813,0.021834,0.0054681,-0.026943,0.019094,0.012307,-0.011633,-0.014667,0.0061949,0.011251
0.026394,-0.022158,0.0059156,0.0078396,0.024618,0.015879,-0.026057,-0.02293,-0.00011183,0.014788
0.030878,-0.0043727,0.0208,0.024296,0.02651,0.021731,-0.0080485,-0.032097,-0.0036676,0.013259
0.018589,-0.0073335,0.032382,0.0092685,0.05373,-0.0021606,-0.028626,-0.0037104,0.010055,0.0069092
0.022086,-0.0033845,0.022361,0.0098667,0.025921,0.0098626,-0.015525,-0.027321,0.0016331,0.0039405
0.039088,-0.035831,-0.021881,0.0089461,0.0044059,0.037409,-0.010715,-0.024875,0.0098889,0.0094712
-0.0068637,-0.055332,0.05526,0.016778,-0.0090979,0.018228,-0.016747,0.0069206,-0.0090326,-0.0052993
0.0039101,-0.054837,0.044961,0.0044487,-0.025629,-0.012608,-0.0094426,-0.016468,0.00034451,-0.010819
-0.020317,-0.03913,0.031455,0.010317,-0.0098266,0.009189,-0.031662,-0.0096818,-0.01804,-0.023111
-0.0022834,-0.056136,0.050998,0.014873,-0.011676,0.014711,-0.02971,-0.0022659,-0.024112,-0.013463
-0.03204,-0.037793,0.030196,0.021025,-0.00081496,0.01752,-0.034389,0.0011379,-0.027487,-0.015085
-0.0056022,-0.04845,0.04004,0.015584,-0.00072471,0.025771,-0.038257,-0.0024432,-0.029932,-0.0048354
-0.02932,-0.036978,0.036289,0.011946,-0.0042959,0.018467,-0.034206,-0.005838,-0.021012,-0.018583
-0.005506,-0.047011,0.051371,0.0095843,0.0078562,0.027996,-0.035588,0.0042129,-0.023948,-0.0045727
-0.045833,-0.015127,0.02438,-0.0069413,0.012065,0.02236,-0.026514,-0.0084346,-0.011333,-0.0017924
-0.15873,0.02465,-0.038955,0.025782,0.003531,-0.0042938,-0.00013014,0.0039367,0.0057147,0.012708
-0.053856,0.0052237,0.0041974,-0.010252,-0.021509,-0.0014793,-0.0093667,-0.0038407,-0.0090133,-0.00782
-0.051245,0.016198,0.0016874,-0.018675,-0.023264,0.002695,-0.00731,-0.0010257,-0.0085863,-0.002852
0.029776,0.029401,0.0052699,-0.0067201,-0.038359,0.016608,-0.020701,0.0025042,-0.0030482,0.011229
-0.064396,0.037447,0.0011653,-0.046427,-0.011828,0.013037,0.0024667,-0.004706,-0.0021178,0.011595
0.051977,0.079394,0.0037707,-0.0039637,-0.051374,0.0049963,-0.024463,0.020272,0.0027592,0.01496
0.063874,0.093413,0.0069729,0.0055748,-0.047351,-0.0037638,-0.025139,0.02686,0.006345,0.015478
-0.040757,0.046142,0.011699,-0.065966,-0.0065222,0.014335,0.0061524,-0.0046417,0.0024602,0.0068178
-0.0081881,-0.047807,0.027967,0.0088791,-0.028237,-0.01829,-0.01797,-0.019329,-0.0072851,-0.031507
-0.026956,-0.039683,0.02659,0.018208,-0.029508,-0.020248,-0.0077782,-0.012508,0.0067034,-0.045721
-0.030423,-0.040562,0.021853,0.021436,-0.028182,-0.018203,-0.014571,-0.010958,0.002811,-0.045004
-0.0034865,-0.049708,0.027796,0.0039675,-0.030917,-0.033437,-0.0093927,-0.022484,-0.0029867,-0.026786
-0.14136,0.011364,-0.03071,0.040753,-0.003589,-0.012102,-0.0065104,0.0062507,0.0060524,-0.012297
0.0069632,-0.06425,0.048913,0.015083,-0.029593,0.013544,0.023587,0.0034688,0.039869,0.002228
0.0015931,-0.059642,0.047968,0.014079,-0.033569,0.00036721,0.023261,0.00026792,0.03725,-0.0066556
0.0095016,-0.055531,0.031389,-0.0022022,-0.03079,-0.029523,0.017853,-0.012629,0.022513,0.0039177
-0.00097067,-0.059413,0.047009,0.014251,-0.028177,0.0030023,0.017738,-0.0015636,0.03355,0.002021
0.0077694,-0.0496,0.021481,0.0081314,-0.016101,0.020299,-0.0086092,-0.0083906,0.012454,-0.00099474
0.0019628,-0.065432,0.056403,0.017621,-0.029628,0.011434,0.021536,0.0048719,0.039064,0.0039588
0.0045086,-0.063506,0.055647,0.01283,-0.033845,-0.00026124,0.020733,-0.00023016,0.034233,-0.0059484
0.011422,-0.049442,0.016317,-0.0098485,-0.025346,-0.041802,0.0088525,-0.016314,0.0089599,0.0042441
0.071129,0.047943,-0.032252,0.030138,-0.0078604,0.022701,-0.0039237,-0.033837,0.0055069,-0.0024134
0.05015,0.047434,0.0067186,0.027485,0.019411,0.0029072,0.0085552,-0.040361,0.0020805,0.0028284
0.029181,0.032004,-0.0041604,0.025962,0.016581,0.0099468,0.0072465,-0.045848,-0.00035064,0.0081857
0.062308,0.051423,-0.01546,0.031888,0.0015819,0.016592,-0.00076763,-0.047304,0.0073514,0.0028109
0.057707,0.050539,-0.0025726,0.030386,0.0085944,0.0085264,-0.0080143,-0.041829,0.01137,0.0079885
0.054315,0.063477,0.017616,0.032971,0.025796,-0.0087989,-0.0022926,-0.034992,0.013512,0.0050099
0.027591,-0.043164,-0.011091,0.004019,-0.0058853,0.02907,-0.0069995,-0.021082,0.024099,0.0097948
-0.10402,-0.0076664,-0.010529,0.04201,-0.012114,-0.01306,-0.01366,0.0032963,0.0036811,-0.033632
-0.12987,0.0069747,-0.023893,0.037577,-0.0010954,-0.0071662,-0.011173,0.0044056,0.0039562,-0.012193
-0.149,0.019445,-0.033916,0.02793,0.0053993,-0.0036003,-0.0043759,0.0026289,0.0057321,0.007032
-0.15481,0.019166,-0.036573,0.034101,0.003347,-0.0062622,-0.0048264,0.0047884,0.0060082,0.0050776
-0.15564,0.019524,-0.037801,0.035448,0.0032828,-0.0068,-0.0034747,0.0057055,0.0061868,0.0054494
-0.15154,0.020423,-0.034739,0.026217,0.0058074,-0.0023525,-0.0034835,0.0024603,0.0055556,0.0090407
-0.1354,0.018341,-0.027269,0.015332,0.0090504,0.0029445,-0.0049283,-0.0015792,0.0027954,0.012431
-0.09475,0.007142,-0.0065462,-0.0067506,0.010336,0.013293,-0.013291,-0.010833,-0.0025047,0.0085045
-0.15806,0.024977,-0.037758,0.020535,0.006542,-0.0017454,0.00084946,0.0019706,0.0051546,0.014569
0.011269,-0.055606,0.022251,0.0040813,-0.025715,-0.0054794,-0.010941,-0.021885,0.0095547,-0.013266
0.070677,0.069697,-0.023315,0.012465,-0.048718,0.015553,-0.018869,0.0088447,-0.00056101,0.0078735
0.062388,0.088143,0.002705,0.0072051,-0.054889,0.0048513,-0.020686,0.020235,-0.00093353,0.015246
0.0059671,-0.04643,0.030997,-0.0088576,-0.021176,-0.036458,-0.007888,-0.027004,-0.019915,0.011176
-0.00033667,-0.037906,0.023178,-0.016,-0.020428,-0.041389,-0.0023473,-0.029322,-0.010529,0.014152
-0.092739,0.028281,-0.01023,-0.03,-0.0086133,0.0071063,0.0067008,-0.0035633,-0.0044626,0.0091263
0.002867,-0.061897,0.052941,0.017333,-0.021305,0.02175,0.014438,0.0049464,0.0273,0.0065635
0.0076975,-0.060065,0.049669,0.010023,-0.022935,0.01225,0.015884,-0.0018404,0.030203,0.014608
0.012003,-0.057745,0.033504,0.0093291,-0.019827,0.014592,0.0060843,-0.010233,0.027986,0.0065746
0.0094818,-0.059745,0.044111,0.016046,-0.01228,0.030458,0.0079147,0.0029013,0.020573,0.016044
0.0047468,-0.065993,0.060604,0.019703,-0.011285,0.028405,0.0028294,0.01123,0.015844,0.01274
0.018346,-0.055191,0.031292,0.011621,-0.0086987,0.030279,0.011592,-0.0021323,0.026607,0.023188
0.013133,-0.053536,0.042459,0.012226,-0.0036321,0.034724,-0.0066728,-0.0033223,0.015763,0.024804
0.0091207,-0.05846,0.056486,0.015485,-0.0002062,0.026151,-0.0012246,0.0084039,0.011058,0.021292
0.015865,-0.047658,0.026727,0.010292,0.010323,0.030589,-0.01592,-0.0036863,0.0042057,0.022453
0.020234,-0.04414,0.012854,0.009767,-0.0013507,0.031852,-0.014123,-0.017801,0.010871,0.016905
0.027478,-0.026128,0.010651,0.01193,0.012017,0.02974,-0.0096583,-0.02197,0.0089761,0.023584
0.045728,-0.0019354,-0.023997,0.019531,0.0063317,0.035247,-0.0083731,-0.039995,0.0060987,0.0049187
0.070836,0.026927,-0.051132,0.026664,-0.0020993,0.029913,0.0045602,-0.033621,0.00070116,-0.0092765
0.057311,0.032123,-0.01899,0.032319,0.0087878,0.026008,0.0048665,-0.05032,0.0027872,0.00091331
0.037929,0.0029802,-0.00824,0.018953,0.013579,0.025184,-0.0029365,-0.042341,0.001878,0.0096536
0.069782,0.060521,-0.018602,0.035503,-0.0044762,0.016432,0.01046,-0.03798,-0.0032386,-0.0015762
0.061055,0.063242,0.00095038,0.035641,0.0043014,0.010656,0.0016574,-0.046249,0.0056318,0.0051069
-0.0070639,-0.046241,0.035326,0.0082809,-0.023341,-0.0094626,-0.011335,-0.012175,0.0033996,-0.032136
-0.10126,-0.0083381,-0.010036,0.039722,-0.0079052,-0.004251,-0.017578,0.0016238,-0.0013284,-0.021502
-0.12751,0.0041721,-0.020721,0.037825,-0.010997,-0.013433,-0.0092882,0.0042921,0.0020293,-0.025181
-0.058294,-0.020613,0.011918,0.012979,-0.024669,-0.017962,-0.01003,-0.012211,-0.0039816,-0.033754
-0.041573,-0.031567,0.026157,0.019176,-0.0079796,0.0056789,-0.02577,-0.0057292,-0.006298,-0.028286
-0.14442,0.01219,-0.031205,0.040814,-0.00083012,-0.0088264,-0.0084043,0.0064719,0.0050678,-0.0080928
-0.062996,-0.022964,0.016891,0.021309,-0.00165,0.012807,-0.024423,-0.0030288,-0.0056558,-0.010825
-0.14873,0.017417,-0.033507,0.031772,-0.003486,-0.0096515,-0.0023327,0.0047609,0.0033155,-0.0027061
-0.1167,0.010511,-0.018904,0.014193,-0.010343,-0.0084788,-0.0032334,-0.0029246,-0.00092312,-0.0074407
-0.07489,-0.0047359,0.0084446,-0.0013127,0.0069406,0.014062,-0.018866,-0.0068592,-0.010157,-0.0048966
-0.15856,0.022677,-0.038725,0.029783,0.0019618,-0.0067356,-0.0006369,0.0045764,0.0060585,0.0068767
-0.075119,-0.00068736,0.0021457,0.00061588,-0.016041,-0.0018156,-0.011179,-0.0059765,-0.0094287,-0.012996
-0.14387,0.025363,-0.032377,0.0096028,-0.0015506,-0.0022226,0.0032723,4.2492e-05,0.0016128,0.013234
-0.15675,0.027897,-0.037835,0.014779,0.0031975,-0.0018456,0.0038465,0.0016261,0.0044511,0.017355
-0.16003,0.024934,-0.039587,0.025278,0.0039549,-0.0037941,0.0008384,0.0037053,0.0051454,0.014848
-0.14452,0.027844,-0.032335,0.0019333,0.007987,0.0043066,0.0042935,-0.0029801,0.0032059,0.023236
-0.13569,0.028305,-0.027387,-0.0086008,0.010741,0.0074531,0.004686,-0.0062247,0.0039578,0.022781
-0.11794,0.02934,-0.020204,-0.0216,-0.0011004,0.0059377,0.010436,-0.0048544,-0.00050849,0.016859
-0.14893,0.0283,-0.034874,0.0053677,0.0077093,0.0024664,0.0058025,-0.0018373,0.0041785,0.023007
-0.079686,0.021043,0.00097615,-0.040271,0.016556,0.014626,-0.0032224,-0.014091,0.0052009,0.0040056
-0.11574,0.028521,-0.016872,-0.026251,0.0090071,0.012528,0.0065364,-0.0085075,0.0012822,0.019771
-0.11834,0.027255,-0.01873,-0.021655,0.0091285,0.010732,0.0043829,-0.009024,0.00221,0.01883
-0.10114,0.034999,-0.013257,-0.035519,0.0010573,0.011496,0.0097288,-0.0057899,0.00044633,0.020854
-0.040335,0.050991,0.0072442,-0.055844,-0.015417,0.014426,0.0017442,-0.0011692,0.0013455,0.015703
0.017099,-0.052875,0.0046237,-0.022707,-0.022886,-0.06852,-0.0021515,-0.033895,-0.021911,0.02504
0.040727,-0.038859,-0.035582,-0.0056017,-0.0093098,0.01438,-0.028344,-0.013524,-0.0029751,0.0070177
0.014785,-0.039481,-0.0025261,-0.003201,-0.022085,-0.0057513,-0.020359,-0.015825,-0.0070179,0.0033603
0.011767,-0.043261,0.016282,-0.018673,-0.020453,-0.058233,-0.00040507,-0.033619,-0.015458,0.026339
0.062702,0.019335,-0.048402,0.0063835,-0.026178,0.021741,-0.014789,-0.0041743,0.00018324,0.00085432
0.051592,0.036316,-0.01758,-0.00037467,-0.035522,0.017027,-0.022902,-0.0033099,0.0045564,0.011447
0.04241,0.011901,-0.020072,-0.0027211,-0.033492,0.01781,-0.01693,0.00069247,-0.002408,0.0050349
0.0098323,-0.016804,0.0044879,-0.0074416,-0.02522,0.012717,-0.020659,-0.0069805,-0.012211,-0.0029574
0.013139,-0.036483,0.007085,-0.012724,-0.022471,-0.009318,-0.012791,-0.012988,-0.01119,0.0040417
0.055739,0.068626,-0.011589,0.0051206,-0.046211,0.013132,-0.019683,0.0033789,-5.1177e-05,0.01373
0.053777,0.087051,0.011782,0.0028488,-0.049802,0.003954,-0.016015,0.010082,-0.002317,0.014436
0.018372,-0.066822,0.02474,0.0023364,-0.021991,-0.0051147,0.027931,0.0048865,0.025039,0.013901
0.018566,-0.052454,0.0062254,-0.010507,-0.017714,-0.038502,0.015472,-0.004303,0.0061806,0.009475
0.022325,-0.055472,0.0057097,0.0017337,-0.015938,0.0060952,0.025757,0.010751,0.021932,-0.0013008
0.032683,-0.058855,-0.018834,-0.0041012,-0.0050771,0.0039503,0.024248,0.020991,0.013856,0.00060744
0.040157,-0.061629,-0.039317,-0.017885,0.0018702,-0.026011,0.012952,0.012513,-0.0035878,0.014419
0.049928,-0.063777,-0.064255,-0.021153,0.012451,-0.018495,0.0072299,0.022357,-0.0081555,0.006324
0.02335,-0.056472,-0.0058549,-0.02597,-0.013312,-0.066446,0.0041735,-0.018772,-0.021237,0.025921
0.052823,-0.059635,-0.075536,-0.021738,0.014718,-0.014861,0.0030126,0.027452,-0.0016347,-0.0032797
0.04862,-0.048074,-0.054304,-0.0065875,0.010718,0.0062959,0.029922,0.022393,-0.0049111,-0.0059819
0.055955,-0.049272,-0.073878,-0.014911,0.011047,-0.0076324,0.01755,0.025255,-0.0070668,-0.0080444
0.046695,-0.062677,-0.068311,-0.027699,0.006067,-0.037232,-0.0024001,0.016473,-0.0011337,0.0044667
0.037549,-0.060031,-0.042165,-0.028911,-0.003094,-0.059089,-0.0008614,-0.0041049,-0.014617,0.022299
0.060724,-0.055164,-0.09036,-0.021517,0.012784,-0.0077412,0.0020491,0.025739,0.0013322,-0.006132
0.026154,-0.055347,-0.014529,-0.023444,-0.0092653,-0.058621,-0.0026318,-0.017251,-0.021004,0.027587
0.055153,-0.050558,-0.080376,-0.023196,0.016523,-0.019299,-0.0055636,0.022871,0.0033917,-0.0034288
0.05487,-0.036304,-0.06197,-0.0025643,0.016753,0.0075587,0.02855,0.017532,-0.012977,-0.0098357
0.016278,-0.051791,0.0060282,-0.019544,-0.018825,-0.065344,0.0022441,-0.025947,-0.022727,0.024483
0.067373,-0.038171,-0.090759,-0.0074017,0.0094306,0.014884,0.012484,0.015907,0.00068194,-0.015302
0.052121,-0.046347,-0.06961,-0.023562,0.017759,-0.028829,-0.0091604,0.022159,0.005228,-0.00043802
0.048318,-0.060382,-0.063337,-0.028258,0.0052522,-0.043881,-0.0063144,0.0057346,-0.01237,0.016481
0.068377,-0.048961,-0.10073,-0.018483,0.012466,-0.0035228,0.0022355,0.023468,0.001959,-0.010759
0.059098,-0.020833,-0.068573,-6.0037e-05,0.0029481,0.021569,0.025269,0.011258,-0.009386,-0.017978
0.067997,-0.048438,-0.099606,-0.019317,0.013451,-0.0036619,-0.002964,0.024256,0.0038868,-0.0096443
0.062436,-0.036619,-0.079418,-0.015646,0.010291,-0.01069,-0.0033027,0.022608,-0.0022301,-0.003981
0.06576,-0.047139,-0.095478,-0.020118,0.01248,-0.0097164,0.00013533,0.026566,4.5406e-06,-0.0081976
0.073432,-0.019758,-0.091092,0.0010618,0.0045799,0.021589,0.012454,0.0081134,-0.0033248,-0.018302
0.067029,-0.0040241,-0.068723,0.011851,0.0033194,0.025677,0.025663,-0.0021201,-0.010611,-0.019121
0.072927,0.025824,-0.05293,0.0051919,-0.0092888,0.0013596,-0.0033614,0.018061,-0.00015091,-0.0066658
0.076258,0.018707,-0.067685,0.0095741,-0.0092837,0.015818,0.0083505,0.0099399,-0.006234,-0.01459
0.07657,0.037012,-0.050668,0.023683,-0.0047506,0.014485,0.018071,-0.006078,-0.010181,-0.014022
0.005145,-0.058321,0.060391,0.016726,0.0055888,0.026372,-0.012178,0.020203,-0.018937,0.0078091
0.013677,-0.055653,0.048102,0.015482,0.009983,0.028895,0.020272,0.023682,-0.002885,0.026967
0.021456,-0.052818,0.032649,0.0053327,0.028624,0.010582,-0.00053567,0.027036,-0.023035,0.022011
0.0087534,-0.054197,0.043206,0.012636,0.014084,0.02111,-0.023686,0.017195,-0.043528,0.0054255
0.0074164,-0.049862,0.036755,0.014109,0.012731,0.020868,-0.013435,0.01949,-0.041946,0.003399
0.012889,-0.048135,0.034614,0.012575,0.015228,0.014609,-0.011547,0.017355,-0.043988,0.0025101
0.020517,-0.039959,0.046349,0.01526,0.036396,0.017135,0.0085773,0.027466,-0.010178,0.022517
0.020508,-0.033236,0.023555,0.0083147,0.020162,0.014509,0.024721,0.0079177,-0.016078,0.020445
0.0066124,-0.046218,0.047097,0.015929,0.020428,0.023337,-0.018386,0.020211,-0.040568,0.0049857
0.023439,-0.039688,0.022601,0.0089181,0.033274,0.010212,0.0018715,0.022353,-0.036481,0.013671
0.00078179,-0.03281,0.03878,0.010739,0.025415,0.012692,-0.021231,0.016413,-0.027899,0.00095095
-0.0012298,-0.030509,0.043628,0.0055293,0.030448,0.010097,-0.020273,0.019594,-0.020389,-0.0069515
0.018562,-0.034522,0.02252,0.0005778,0.027644,0.0024798,0.0047637,0.016522,-0.017265,0.013907
0.0081021,-0.030485,0.037881,0.010141,0.037015,0.0061273,-0.0074474,0.022871,-0.020395,0.0062129
-0.033427,0.013492,0.020361,-0.041844,0.011899,0.009748,0.0041806,7.4204e-07,-0.010991,-0.010329
0.028759,0.0039537,0.02746,-0.0041627,0.066216,-0.024106,-0.018899,0.025356,0.015466,-0.0042263
0.02295,0.014197,0.036276,0.0097371,0.069877,-0.024666,-0.011821,0.015039,0.013846,-0.0015683
-0.0024107,0.016056,0.035853,-0.073346,0.024474,0.0069023,0.0068163,-0.0028519,0.00028283,-0.028476
0.036063,0.02048,0.026022,0.010719,0.069871,-0.032578,-0.010168,0.016525,0.016664,-0.0045475
0.017801,0.032544,0.0074716,-0.024979,-0.028751,0.0061645,-0.00052796,0.017431,-0.017763,-0.0028224
0.035503,0.018012,0.024876,0.0027401,0.067568,-0.034864,-0.021128,0.025387,0.02464,-0.0018865
-0.0072888,0.023741,0.033596,-0.079151,0.022981,0.0089632,0.0084827,-0.0041508,0.0029116,-0.028661
0.044421,0.056127,0.034817,0.0099147,0.052611,-0.030888,0.0038186,0.0065147,0.012097,-0.0093509
-0.018661,0.035968,0.02179,-0.074748,-0.0090853,0.01208,0.015857,0.0014707,-0.0099578,-0.013186
0.038165,-0.0044643,0.001008,-0.0085297,0.054706,-0.03357,-0.011195,0.032538,0.013785,-0.0015652
-0.0074477,0.034725,0.032051,-0.080293,0.017126,0.010068,0.013067,-0.0069915,0.0033415,-0.027184
0.051367,0.069778,0.032929,0.01512,0.039006,-0.03267,0.0025073,0.010953,0.011526,-0.0055976
0.062699,0.087984,0.024434,0.025237,0.012217,-0.023914,0.011475,0.0077888,-0.001159,-0.0016019
0.038946,0.026705,0.023567,0.0037076,0.05851,-0.034274,-0.017941,0.027992,0.023595,-0.0042376
0.01701,0.057629,0.028861,-0.062815,-0.01976,0.0057572,0.0076195,0.012189,-0.0056541,-0.018885
-0.012042,0.049441,0.022298,-0.068331,0.0019565,0.01259,0.016312,-0.0038344,-0.0033667,-0.010438
0.061185,0.091433,0.014789,0.001492,-0.028432,-0.011731,-0.020325,0.030528,0.0099049,0.007747
0.002866,0.036478,0.034474,-0.076838,0.01284,0.0066839,0.010167,-0.0037867,0.0045353,-0.02976
0.049148,0.05228,0.021517,0.0089239,0.037768,-0.031035,-0.0057439,0.024357,0.013349,-0.0057017
0.058779,0.080013,0.027835,0.015522,0.021335,-0.031836,-0.01149,0.024929,0.016944,0.00071607
0.008527,0.053527,0.029287,-0.066342,-0.0037663,0.0068105,0.016772,0.001833,-0.0057729,-0.021367
0.068206,0.10336,0.016477,0.01597,-0.034868,-0.012242,-0.0080422,0.024567,-0.0013155,0.0095555
-0.00025049,0.030122,0.031947,-0.081855,0.00030206,0.0071115,0.009353,3.895e-05,0.0017774,-0.028005
0.010178,0.049255,0.032398,-0.072482,0.0018412,0.0054836,0.0091066,0.0037753,0.0026999,-0.025795
0.057442,0.054579,0.0015813,-0.005323,0.0095155,-0.022083,-0.020452,0.03701,0.020052,-0.0019369
0.044531,-0.046142,-0.042431,-0.0036729,0.0051401,0.0040468,0.030809,0.020424,0.00049403,-0.0096439
0.033942,-0.03276,-0.0075812,0.0062402,0.012929,0.011906,0.031516,0.012652,0.0011252,0.0050415
0.051492,-0.030405,-0.046764,0.0033904,0.015942,0.015254,0.026893,0.018364,-0.014324,-0.0086376
0.069438,0.049286,-0.025013,0.031327,0.0052806,0.0059228,0.036331,-0.0064997,-0.021125,-0.0156
0.063632,0.015764,-0.044348,0.021686,0.011805,0.013108,0.03541,-0.0050713,-0.018275,-0.019086
0.039933,0.03766,0.029174,0.024396,0.063886,-0.027306,0.0069741,-0.006189,0.0073369,-0.0051222
0.074553,0.074034,-0.020018,0.02605,-0.028092,0.0073397,0.012738,0.0039597,-0.015905,-0.0038476
0.044133,0.041052,0.022813,0.026096,0.05239,-0.022858,0.028359,-0.0052921,-0.0095424,-0.011319
0.048988,0.059689,0.023641,0.028684,0.044213,-0.027349,0.018563,0.00053194,-0.00085135,-0.0067154
0.068446,0.080367,0.0038754,0.033337,-0.0033531,-0.0068368,0.029331,-0.00207,-0.020336,-0.0069696
0.050605,0.044609,0.012225,0.031151,0.040319,-0.013477,0.037601,-0.01475,-0.017223,-0.012534
0.074459,0.097359,0.0017444,0.024978,-0.035094,-0.0037216,0.0033709,0.014379,-0.010767,0.0054356
0.054634,0.058632,0.020199,0.034036,0.04184,-0.022336,0.026742,-0.0096902,-0.0076343,-0.0083399
0.062114,0.078297,0.020088,0.033924,0.024113,-0.022895,0.024112,-0.0052743,-0.0073275,-0.0067124
0.062671,0.089796,0.0053202,0.0086106,-0.051194,0.00029275,-0.0066881,0.024624,-0.010589,0.0096255
0.069128,0.096711,0.013285,0.023022,-0.018813,-0.010774,0.0096714,0.010289,-0.0092079,0.0011317
0.06437,0.1001,0.014138,0.011028,-0.048258,-0.0065468,-0.0076475,0.026984,-0.0080048,0.011196
0.070116,0.10141,0.0094683,0.015651,-0.043684,-0.0075033,-0.0092081,0.026905,-0.0043806,0.010407
0.066747,0.10116,0.019887,0.016641,-0.025258,-0.015708,-0.0010032,0.022403,-0.0032541,0.0058615
-0.012374,0.034871,0.025145,-0.069727,0.0053704,0.010385,0.017782,-0.0023519,-0.0064876,-0.01959
-0.04478,0.021168,0.0075288,-0.054227,0.011532,0.014583,0.017498,-0.0059761,-0.0065149,-0.003579
-0.030737,0.045311,0.015848,-0.064723,0.0013183,0.012165,0.018303,-0.0010196,-0.0051189,-0.0049639
-0.060892,0.0075105,0.0080884,-0.016171,0.017661,0.0075442,0.00010029,0.0030913,-0.010362,-0.0019822
0.045161,-0.026277,-0.026174,0.00607,0.027321,0.0081194,0.031803,0.021879,-0.010605,-0.0022991
0.022416,-0.039709,0.017476,0.0085935,0.020517,0.012345,0.027165,0.016711,-0.018746,0.016522
0.03415,-0.0038125,0.0023137,0.016949,0.017994,0.01187,0.029035,-0.0025383,-0.019319,0.0056375
0.025095,-0.016154,0.030475,0.018151,0.047317,0.0039865,0.013583,0.0092658,-0.018931,0.010194
0.0048767,-0.013087,0.036031,-0.0051481,0.030304,0.0077472,0.0096387,0.011474,-0.01219,0.0036902
0.036134,0.017341,0.0212,0.023094,0.052633,-0.0094054,0.018571,-0.0080258,-0.0075515,-4.5952e-05
0.036283,0.023707,-0.0072933,0.021019,0.018092,0.005992,0.040677,-0.015792,-0.023639,-0.0066492
-0.035101,0.017226,0.015979,-0.052561,0.014301,0.013112,0.015639,-0.0038823,-0.0098368,-0.010087
0.0060147,-0.058369,0.041834,0.0035508,-0.030617,-0.021157,0.010164,-0.0094138,0.011651,-0.0089808
0.0047924,-0.032068,0.034274,-0.020497,-0.01533,-0.012643,0.013835,-0.01024,0.0088312,-0.014942
0.001768,-0.055345,0.04786,0.010555,-0.016843,0.0034602,-0.00978,0.00057777,-0.013507,-0.0089731
-0.0016916,-0.054175,0.05145,0.016825,-0.012773,0.012726,-0.0018796,0.010877,-0.011335,-0.0088672
-0.0298,-0.036603,0.03421,0.020457,0.0019714,0.01692,-0.016056,0.014259,-0.029764,-0.014589
-0.00094728,-0.049078,0.046784,0.016089,0.0060945,0.02496,-0.01132,0.017723,-0.033611,0.0010699
-0.0084852,-0.052109,0.051955,0.018837,-0.0029388,0.022488,-0.013154,0.017016,-0.02409,-0.010284
-0.054652,-0.0093534,0.016891,-0.0047345,0.0088268,0.014854,-0.0031493,0.0054664,-0.018358,-0.0049054
-0.15553,0.022102,-0.038812,0.031043,0.0038039,-0.0069554,0.0028722,0.0075122,0.0046535,0.0085255
-0.040587,0.012234,0.011729,-0.036187,-0.018226,0.0031274,0.0093038,0.00071477,-0.012319,-0.015416
-0.020319,0.013219,0.010818,-0.029129,-0.024106,0.0027538,0.0061429,0.0038869,-0.014897,-0.0088912
0.043523,0.048859,-0.0021574,-0.0074224,-0.042781,0.0057482,0.00082211,0.020472,-0.017377,0.00024085
-0.044185,0.041519,0.0080311,-0.051753,-0.013105,0.0096268,0.010714,0.0034193,-0.0074169,-0.00029411
0.054113,0.0891,0.017044,-0.0052703,-0.037854,-0.0082867,-0.011897,0.03152,-0.0011157,0.0075829
0.044816,0.078811,0.016666,-0.013447,-0.046307,-0.0036386,-0.0070011,0.031982,-0.0099643,0.0048334
-0.026559,0.044121,0.016557,-0.066873,-0.013119,0.011227,0.013527,0.0051783,-0.0072143,-0.0032209
-0.044428,0.055199,0.00076046,-0.039108,-0.018579,0.0081926,0.0071207,0.0094868,-0.0032929,0.018328
-0.011696,-0.042693,0.024414,0.0083477,-0.029194,-0.028142,-0.0027133,-0.011646,-0.0043161,-0.041931
-0.015745,-0.041071,0.021324,0.012896,-0.028381,-0.023659,0.0086854,-0.0023516,0.011248,-0.042862
-0.039239,-0.034872,0.019393,0.02546,-0.029027,-0.02447,-0.0026749,-0.0031487,0.0032157,-0.052298
-0.072223,-0.017753,0.0026246,0.035968,-0.020099,-0.020172,-0.0055002,0.0034195,0.0021614,-0.048539
-0.0049213,-0.044596,0.025203,0.0022944,-0.028837,-0.034489,-0.0038357,-0.020025,-0.0077745,-0.024701
-0.11404,-0.0017171,-0.016156,0.042964,-0.012239,-0.016708,-0.0050516,0.0086137,0.0034682,-0.034063
0.0086785,-0.060957,0.043325,0.0080125,-0.033585,-0.0089565,0.036295,0.003424,0.038692,-0.00017269
0.0070591,-0.064366,0.050933,0.01231,-0.030425,0.0013819,0.037087,0.01027,0.035366,0.0046339
0.0019091,-0.062242,0.050679,0.015124,-0.032158,0.00094526,0.032437,0.0098718,0.036922,-0.0045223
0.0082145,-0.059675,0.032589,0.013168,-0.018518,0.007874,0.029209,0.013214,0.025006,0.0030297
0.0071108,-0.058066,0.045488,0.0030269,-0.032216,-0.011435,0.025984,0.00094858,0.030224,-0.011753
0.021092,-0.060488,0.018873,0.0071031,-0.016973,0.012745,0.032994,0.017097,0.024204,0.0029539
0.015207,-0.051753,0.010792,-0.012444,-0.023014,-0.044325,0.015296,-0.0098901,0.0089418,0.0059119
0.046212,0.056627,0.014806,0.031912,0.03023,-0.010698,0.035719,-0.018826,-0.014819,-0.0058226
0.045916,0.045919,0.019095,0.030005,0.044782,-0.015768,0.032337,-0.017422,-0.012255,-0.0096947
0.065627,0.068368,-0.0010436,0.035873,0.0023336,-0.0040091,0.035815,-0.0067494,-0.023576,-0.0090505
0.054629,0.062482,0.020817,0.034694,0.039025,-0.020829,0.028945,-0.013444,-0.0090431,-0.008165
0.053158,0.057842,0.016921,0.034081,0.03811,-0.01652,0.034706,-0.017237,-0.012911,-0.0098014
0.061721,0.072203,0.013375,0.036046,0.017799,-0.014705,0.028946,-0.010089,-0.014026,-0.0061856
0.015358,-0.060263,0.038984,0.012033,-0.011426,0.017028,0.040579,0.019319,0.022967,0.016249
0.021156,-0.045864,0.014224,0.0081513,-0.00030722,0.018069,0.033257,0.0086476,0.0056671,0.01188
-0.0061549,-0.049115,0.034401,0.010559,-0.020785,-0.012146,0.00025617,-0.0048141,-0.0048108,-0.022153
-0.082548,-0.013628,-0.0018905,0.039726,-0.017026,-0.018676,-0.0065872,0.0063813,0.0021465,-0.045391
-0.11712,0.00075599,-0.017745,0.041525,-0.0082821,-0.013707,-0.0031742,0.010969,0.0015814,-0.028072
-0.1434,0.011968,-0.03183,0.04354,-0.0020669,-0.012116,-0.0033655,0.010303,0.0050493,-0.011992
-0.13187,0.011026,-0.027584,0.038866,0.0023028,-0.010032,-0.0021294,0.010156,0.0051552,-0.0093895
-0.14512,0.013467,-0.031907,0.039705,-0.00060272,-0.010711,-0.0015502,0.01002,0.0028529,-0.008341
-0.13994,0.016201,-0.030841,0.030359,0.0050359,-0.0050489,0.0014658,0.0092845,0.00099369,0.0021709
-0.10885,0.012657,-0.016173,0.0072909,0.011981,0.0060371,0.0025468,0.0038582,-0.006057,0.010012
-0.15593,0.02324,-0.039245,0.029755,0.0027232,-0.0069635,0.0038287,0.0076683,0.0047088,0.0093367
-0.14812,0.02128,-0.034153,0.023437,0.0076213,-0.0025153,0.0027843,0.0057688,0.0016333,0.011099
-0.075811,0.0089301,-0.0015784,-0.014101,0.013835,0.013096,0.010019,0.003327,-0.012672,0.0093216
-0.15172,0.025616,-0.036592,0.0176,0.0062895,-0.0016732,0.0065925,0.0047996,0.0031814,0.016382
-0.11401,0.023212,-0.018673,-0.012603,0.011818,0.0086158,0.010923,-0.0010401,-0.0033607,0.015725
-0.075972,0.022539,-0.0012532,-0.035803,0.0091413,0.012988,0.010391,-0.004169,-0.0053333,0.0024944
-0.090572,0.030835,-0.0063139,-0.048294,0.0093762,0.014408,0.018008,-0.0067142,-0.0024902,0.011007
-0.060293,0.031566,0.006641,-0.063179,0.0087099,0.018052,0.016926,-0.0091839,-0.0039309,0.0047698
0.065075,0.05158,-0.025822,0.017997,-0.026187,0.012009,0.015619,0.0056249,-0.019894,-0.0063282
0.052823,0.078577,0.011291,-0.00073365,-0.043792,-0.0013132,0.0012563,0.021891,-0.015626,0.0038396
0.0015736,-0.037578,0.018893,-0.015933,-0.019361,-0.046491,0.0045633,-0.027378,-0.011992,0.016292
-0.0067118,-0.028369,0.014669,-0.012159,-0.015495,-0.036652,-0.0014252,-0.022654,-0.020718,0.0072325
-0.1125,0.021573,-0.017759,-0.0079698,-0.0075803,-0.00094658,0.0075747,0.00053148,-0.0046051,6.9078e-05
-0.085381,0.030218,-0.0062815,-0.040807,-0.0052333,0.0085106,0.014481,-0.00089518,-0.0058083,0.0051009
0.031905,-0.0081465,0.011239,0.016923,0.032655,0.00030051,0.042838,0.006222,-0.022598,0.0022775
0.056811,0.015187,-0.027107,0.025469,0.017224,0.013944,0.043289,-0.011998,-0.025293,-0.013126
0.048123,0.023,-0.011351,0.028427,0.021724,0.0067187,0.044113,-0.013847,-0.025742,-0.011216
0.031363,0.0030717,0.02436,0.02176,0.029956,0.0068196,0.042115,-0.005136,-0.017996,0.0044452
0.064331,0.067982,0.0016725,0.040022,0.0096868,-0.00096838,0.032025,-0.02568,-0.017967,-0.0057123
-0.011896,-0.057982,0.049296,0.024972,-0.02384,0.010545,0.032128,0.019659,0.03,-0.0027149
0.0059851,-0.062667,0.049719,0.015905,-0.02285,0.011162,0.037278,0.014723,0.03247,0.011025
0.0038819,-0.064889,0.059383,0.017788,-0.018899,0.014284,0.022632,0.016698,0.021601,0.0071375
0.0091002,-0.063039,0.055905,0.018451,-0.0057079,0.025666,0.028106,0.025708,0.0093023,0.017536
0.014659,-0.053334,0.039464,0.013585,0.0020326,0.015574,0.036186,0.020449,0.013082,0.019753
0.013724,-0.060192,0.04418,0.014341,-0.00043316,0.022071,0.031523,0.024363,0.0069931,0.023044
0.02739,-0.042577,0.0098579,0.012673,0.0054677,0.016091,0.041787,0.022826,0.0045651,0.0088236
0.018608,-0.051627,0.028807,0.0099101,0.011752,0.014334,0.026057,0.019898,-0.002366,0.021131
-0.0076152,-0.035307,0.026446,0.0015444,-0.019816,-0.016897,0.0059256,-0.0021561,0.0020149,-0.036827
-0.087769,-0.01393,-0.0019028,0.041163,-0.010692,-0.007992,-0.0063791,0.011493,-0.00014754,-0.032147
-0.053144,-0.026687,0.017839,0.027025,-0.01228,-0.0038549,-0.0047044,0.0068242,-0.0053747,-0.034637
-0.076479,-0.011482,0.0060077,0.022387,0.0035329,0.0050302,-0.007014,0.010502,-0.012147,-0.010269
-0.077558,-0.01445,0.0031852,0.024994,-0.021008,-0.019014,-0.0061967,-0.0015259,-0.0052663,-0.038189
-0.15041,0.016248,-0.03525,0.038864,-0.0029951,-0.012686,-0.0015466,0.007909,0.0044816,-0.0070913
-0.107,0.0051972,-0.014345,0.018346,-0.013982,-0.013784,0.001559,0.0011991,-0.0022392,-0.02023
-0.15,0.021512,-0.035205,0.024087,-0.000812,-0.0078373,0.0037701,0.0048839,0.0022656,0.0045738
-0.15797,0.023656,-0.03988,0.029967,0.0024921,-0.0072764,0.002516,0.0066879,0.0054316,0.0095947
0.003512,-0.041642,0.025719,-0.0067293,-0.023516,-0.03807,0.00054047,-0.023072,-0.015316,0.0038726
-0.14569,0.026189,-0.033995,0.011436,-9.3584e-05,-0.0038432,0.0085747,0.0035242,0.0014898,0.012746
-0.15467,0.026364,-0.038015,0.018315,0.0035237,-0.0039407,0.0072267,0.0043404,0.003145,0.014367
-0.12264,0.026958,-0.022978,-0.0091795,-0.0038092,0.00063969,0.010721,0.0010966,-0.0025928,0.0096274
-0.15143,0.027007,-0.036825,0.012981,0.0070466,-0.00028649,0.0077121,0.0026605,0.0028358,0.020288
-0.12537,0.033679,-0.024777,-0.016531,-0.00020542,0.0047267,0.013651,-0.0011042,-7.5458e-05,0.02038
-0.11701,0.028623,-0.020901,-0.019871,0.0075,0.0087785,0.014399,-0.0020358,-0.0013962,0.018473
-0.084577,0.035316,-0.0060568,-0.049114,-0.0023506,0.012206,0.016236,-0.0048083,-0.0033009,0.014528
0.034555,-0.054941,-0.027887,-0.02054,-0.0033059,-0.04779,0.01091,0.0018851,-0.022691,0.020444
0.015553,-0.047308,0.0099392,-0.023125,-0.021336,-0.064175,0.0087283,-0.027929,-0.016117,0.024346
0.049786,-0.021446,-0.044959,-0.0040648,0.0037916,-0.0038496,0.01846,0.021463,-0.023867,-0.0055091
0.030021,-0.028434,-0.0091392,-0.0042176,-0.011332,-0.0040721,0.017484,0.016974,-0.016723,0.0014665
0.056448,0.022015,-0.032022,0.0068175,-0.018725,0.0045373,0.020314,0.01581,-0.024115,-0.0067119
0.01893,0.014967,0.0085904,-0.026009,-0.028579,0.0019635,0.0095084,0.012055,-0.017518,-0.0047693
0.013109,-0.047348,0.020449,-0.0085063,-0.023099,-0.031633,0.0050156,-0.010444,-0.016753,0.0042039
0.05786,0.061222,-0.0062043,0.0076396,-0.029732,0.0033079,0.01244,0.019504,-0.019279,-0.0039827
0.057194,0.078935,0.010303,0.0080822,-0.034293,-0.0076477,0.0061288,0.01815,-0.016123,0.0033731
