-0.022586,0.067355,0.023651,0.0018424,-0.016486,-0.011705,-0.02812,0.008985,0.0055563,-0.0018352
-0.013185,0.037594,0.023341,-0.00092257,-0.0027058,-0.015933,-0.01324,-0.0079242,-0.001031,-0.0011121
-0.034093,0.054965,-0.021155,-0.0061297,0.0016996,-0.002928,-0.0083499,-0.0047209,0.0019393,-0.0023507
-0.029969,0.059262,-0.0016071,-0.00064766,-0.0083484,0.00051409,-0.0055971,-0.0061186,0.014722,0.00023713
-0.041002,0.049018,-0.03833,-0.0070775,0.0061351,-0.0017362,-0.0042148,-0.01138,0.014632,-0.0031026
-0.033572,0.060748,-0.022894,-0.0076003,0.006667,-0.012522,0.0017702,-0.00014419,0.0075203,0.0028435
-0.015646,0.051109,0.022684,0.0014916,-0.01203,-0.016334,-0.0069891,-0.0025319,0.0052994,-0.0048441
-0.032068,0.026927,-0.018524,0.0005132,0.0031114,0.0070664,-0.0033919,0.0023663,-0.0023992,0.0048368
-0.048003,0.055884,-0.074117,-0.014006,0.019186,-0.014716,0.010099,0.0091161,0.0027518,0.0015598
-0.036788,0.026642,-0.031154,-0.0085452,0.010255,-0.010746,0.00019796,-0.013784,0.021164,-0.002484
-0.045599,0.050374,-0.070267,-0.015408,0.018983,-0.021624,0.0041517,0.0059799,0.0078195,-0.0003421
-0.051527,0.043739,-0.067747,-0.0099946,0.017224,-0.01366,0.0017781,0.010391,-0.0012015,-0.0025322
-0.023026,0.032565,-0.0072132,-0.011843,-0.0012314,-0.0072791,-0.014123,-0.022062,0.020778,-0.016131
-0.055596,0.035754,-0.065552,-0.0037486,0.016385,-0.0021078,-0.0017522,0.012233,-0.0024438,-0.0027073
-0.044376,0.044982,-0.057539,-0.01088,0.023846,-0.027901,0.0041389,0.004547,0.003024,-0.0004476
-0.033178,0.049991,-0.039808,-0.013854,0.011632,-0.020786,-0.00036766,-0.020883,0.024908,-0.010724
-0.059744,-0.00076564,-0.047077,0.0068765,0.0094778,0.022352,-0.0062915,0.0044146,-0.0061821,-0.0029521
-0.044525,0.051626,-0.068572,-0.014254,0.024616,-0.026987,0.0053823,0.0047965,0.0056279,-0.0015207
-0.058218,0.046604,-0.090438,-0.01621,0.010531,-0.0014848,0.0040636,0.016829,-0.0095939,0.0019466
-0.027459,0.053066,-0.014571,-0.010846,0.0051662,-0.024075,-0.01094,-0.030903,0.023156,-0.018145
-0.041082,0.040793,-0.058465,-0.013847,0.020795,-0.015648,0.0024608,0.0067677,0.0078064,0.0043007
-0.036902,0.045537,-0.036856,-0.0074255,0.011844,-0.0082867,0.011759,-0.013338,0.014811,-0.0046622
-0.055739,0.012729,-0.064604,-0.0083983,-0.0073706,0.025568,-0.0029784,0.013419,-0.018188,0.0022476
-0.057088,0.039588,-0.088423,-0.016474,0.010001,-0.0065269,0.0065347,0.017808,-0.010111,0.0012422
-0.056003,0.041905,-0.086255,-0.014124,0.015048,-0.011274,0.007752,0.017283,-0.0049846,0.00043268
-0.055295,0.01001,-0.071638,-0.011878,-0.0021912,0.0027215,0.008072,0.016219,-0.008821,0.0025886
-0.065177,-0.0081481,-0.072156,-0.0043699,-0.0054653,0.020396,0.0015523,0.020429,-0.024229,0.0005056
-0.054627,-0.0033072,-0.049725,-0.013083,-0.026335,0.017691,0.0026191,0.0043517,-0.018459,0.0038122
-0.063706,-0.018012,-0.066335,-0.0088912,-0.021523,0.0037605,0.0075532,0.022821,-0.01935,0.0034319
-0.062864,-0.027392,-0.054559,0.00084323,-0.011781,-0.0019487,0.0065505,0.023302,-0.014883,-0.0014097
-0.064493,-0.064924,-0.02553,0.0082521,-0.02621,0.012334,-0.00092742,0.011464,-0.0068223,-0.0018552
-0.008848,0.042246,0.036267,0.01506,0.005925,0.010007,0.03197,0.025582,0.012483,0.012914
-0.0065864,0.041537,0.02139,0.0025833,0.0040902,0.0018667,0.016751,0.0068597,0.018782,0.020999
-0.012365,0.04513,0.013948,0.013551,0.010542,0.009376,0.054253,-0.0063431,0.0063942,0.0052403
0.0029092,0.041133,0.031153,0.01651,-0.0041916,0.019618,0.062596,-0.0057808,-0.00099155,-0.0029841
-0.021398,0.024541,0.019061,0.028882,0.021391,0.021107,0.045734,-0.0098653,0.0082374,0.0086051
-0.017698,0.044967,0.016289,0.0039986,0.0054685,0.011255,0.0023803,-0.0010976,0.018107,0.019726
-0.022143,0.03657,0.0029615,0.015879,0.015356,0.018248,0.032939,-0.016913,0.018203,0.0097597
-0.008207,0.03345,0.031769,0.022195,0.010383,0.010114,0.036756,0.012561,0.0095577,0.009409
-0.015339,0.018012,0.037665,0.023196,0.025897,-0.009671,0.024443,0.022278,0.0017781,0.015706
-0.016474,0.024922,0.011163,0.0068046,0.013218,0.017431,0.020812,-0.0074417,0.020921,0.016586
-0.021265,0.046068,0.024665,0.013497,0.013951,-0.010649,0.0010764,0.01344,0.014417,0.019109
-0.011734,0.0038671,0.024519,0.015942,0.047337,-0.012126,0.0051645,0.0085053,-0.0083897,0.012718
-0.030815,-0.017227,0.02728,0.041217,0.055471,-0.012507,0.0073427,0.0096059,-0.010349,0.008345
-0.018063,-0.0034453,0.02552,0.029646,0.048571,-0.013359,0.0018333,0.0042742,-0.013311,0.012962
-0.041481,-0.013177,0.01102,0.043621,0.060436,-0.013821,0.00061951,0.0010208,-0.0078322,0.0011799
0.030674,-0.018616,0.02791,-0.062554,0.030784,0.001865,-0.0054732,-0.00037097,-0.0044735,0.0056337
-0.040757,-0.023625,0.02275,0.050251,0.063857,-0.011905,-2.0839e-05,-0.0012838,-0.014922,0.0040646
0.037094,-0.030223,0.017579,-0.055897,0.0021261,-0.00047973,0.0061017,-0.0035914,-0.0037468,0.0084825
-0.0062323,-0.015712,0.024602,-0.025524,0.034765,-0.0048834,-0.0095412,-0.0082151,-0.012819,0.010436
-0.040986,-0.021436,0.01591,0.04534,0.063555,-0.02619,0.0015849,0.00064893,-0.016649,0.0050759
-0.045327,-0.048313,0.023863,0.042775,0.047499,-0.0096563,-0.012765,-0.0031419,-0.0056106,-0.0033769
-0.027125,0.031572,0.0090825,0.0082604,0.030157,-0.026257,-0.0077443,-0.016326,0.00054059,0.0016864
-0.051671,-0.083423,0.011409,0.0037902,-0.02764,-0.038039,0.012838,0.0046627,0.0073124,-0.00049829
-0.0022221,-0.028384,0.017855,-0.051171,0.0032488,-0.00035492,0.0021935,-0.015449,-0.00226,0.02353
0.036249,-0.017997,0.018459,-0.055332,0.0069991,-0.0052504,0.0040208,-0.0061014,-0.0057527,0.018799
0.011402,-0.031741,0.027895,-0.054172,0.033392,-0.006445,-0.0079812,-0.0020672,-0.0051701,0.0089906
-0.057948,-0.086612,0.015012,0.025596,-0.0082329,-0.018418,0.00015076,0.00022734,0.0094584,-0.0093039
-0.040548,-0.030198,0.021188,0.042989,0.059892,-0.023726,-0.0057666,-0.0039523,-0.01475,0.00095878
-0.048289,-0.055909,0.022092,0.04705,0.046992,-0.028509,-0.0058605,0.00072669,-0.010842,-0.0063009
0.055106,-0.036249,0.013306,-0.05512,0.023081,0.00046805,-0.0013616,0.012574,0.0066712,-0.0093787
0.0017415,-0.014084,0.028226,-0.047168,0.016438,0.0031175,-0.01102,-0.012177,-0.0085814,0.019595
-0.050832,-0.063181,0.0075055,0.024523,0.013414,-0.034185,0.0012634,0.0089905,-0.0082745,-0.0033561
-0.0034706,-0.01416,0.023725,-0.052036,0.014986,-0.021221,-0.0042369,-0.014321,-0.0066228,0.024072
0.0060793,-0.0444,0.028015,-0.059281,0.010134,-0.01664,0.0031059,0.00035346,-0.00073544,0.012589
-0.049395,-0.059677,0.019628,0.040717,0.03959,-0.031389,-0.0040639,0.0025415,-0.01157,-0.0051131
-0.05193,-0.073818,0.016631,0.03047,0.019694,-0.024479,-0.0043481,0.0045656,-0.003936,-0.0095325
-0.00090122,-0.030433,0.026285,-0.053131,0.013951,-0.009513,-0.0043125,-0.01015,-0.004661,0.023736
-0.029784,0.056279,-0.022317,-0.0073524,-0.003406,-0.0067961,-0.0049042,0.0012573,-0.0024826,-0.0038141
-0.034446,0.04489,-0.016017,-0.0073834,-0.0065979,-0.0036223,-0.01336,-0.0049741,0.0013525,-0.0024508
-0.035914,0.016379,-0.0067865,0.0088186,-0.00041902,0.018468,-0.015114,0.001516,0.0055038,-0.0034168
-0.052136,0.019973,-0.050542,-0.00158,0.0015953,0.033617,0.00021269,0.0020615,-0.0038569,0.0078432
-0.057739,-0.032562,-0.03785,0.002369,-0.014004,0.029504,-0.0037339,0.0057069,-0.011262,0.00070152
-0.04783,-0.052195,0.0093789,0.030697,0.022318,0.018719,-0.012267,-0.0045634,0.0027676,-0.0079687
-0.062266,-0.072233,-0.010048,0.011285,-0.022659,0.024657,-0.0067485,-0.0012621,-0.0014332,-0.0025599
-0.027095,-0.033676,0.0046225,0.03581,0.028335,0.0015288,-0.0033589,-0.0017965,-0.0058733,-0.0082858
-0.055094,-0.050627,-0.00057967,0.018964,-0.0068592,0.024765,-0.011987,-0.0092256,0.0038074,-0.0071856
-0.052513,-0.043767,-0.0072428,0.015908,-0.0019094,0.016583,-0.0042301,-0.004414,-0.0058412,-0.00031
-0.055943,-0.066813,0.010786,0.035667,0.020893,0.01545,-0.015694,-0.0044514,-0.0024959,-0.0097679
-0.054584,-0.068465,0.010045,0.02703,0.010498,-0.0036084,-0.0056239,0.00074373,-0.0013574,-0.0057966
-0.058031,-0.087091,0.00051612,0.00098332,-0.041268,-0.028083,0.012133,0.0095274,0.011772,-0.0019392
-0.061449,-0.090696,0.0095827,0.018037,-0.022085,-0.014336,0.0019108,0.0010509,0.012036,-0.0057548
-0.051887,-0.091117,0.011481,-0.0039474,-0.042705,-0.038094,0.016354,0.0057651,0.015874,-0.0025441
-0.054358,-0.094089,0.013666,0.0022253,-0.034924,-0.032262,0.010831,0.0040846,0.01676,-0.0042167
-0.050194,-0.083564,0.0074028,-0.0044484,-0.038826,-0.039027,0.016042,0.0079305,0.010819,0.0013669
0.055145,-0.023871,0.011354,-0.053023,0.024392,0.0095921,-0.0039266,0.010212,0.0039436,-0.010324
0.062671,-0.025933,0.0070073,-0.04874,0.019597,0.0087771,-0.00038387,0.012019,0.0071617,-0.020635
0.038428,-0.026959,0.014462,-0.034014,0.017849,0.020602,-0.0051164,0.0046,0.0019591,-0.012181
0.065137,-0.027219,0.017376,-0.071833,0.028501,0.0076496,-0.0030521,0.011676,0.0023448,-0.004033
0.076565,-0.0095083,0.0091167,-0.022819,0.016179,0.01218,0.0029078,0.013515,0.0019019,-0.01736
0.072612,-0.016849,0.009628,-0.033615,0.019917,0.012592,0.00069355,0.014311,0.0030042,-0.017605
-0.02687,0.020724,0.0001682,0.016398,0.01793,0.030182,0.015314,-0.014309,0.016989,0.0081784
-0.033859,-0.016564,0.015137,0.014903,0.01068,0.037865,-0.017432,-0.013531,0.014434,0.0079512
-0.02454,0.012643,0.028031,0.031211,0.034984,0.0045057,-0.00028918,0.0082629,0.001053,0.0097821
0.00046074,-0.02005,0.018124,-0.006006,0.018943,0.02131,-0.014438,-0.0083939,0.00029252,0.0044642
-0.04403,0.030072,-0.018645,-0.00068612,-0.0045993,0.02262,-0.015435,-0.0074348,0.0092639,0.0021697
0.015105,0.039832,0.039311,0.0078094,-0.0079972,0.013014,0.031375,0.021166,-0.0011386,-0.0046374
-0.01458,0.05069,0.025195,-0.0024557,-0.017555,-0.015259,-0.017286,-0.0063277,-0.00041401,-0.0071431
0.0082473,0.037146,0.033116,0.01112,-0.0088403,0.011834,0.047165,-0.0027403,-0.011246,-0.019603
-0.00043116,0.049994,0.038779,0.013098,-0.016214,0.012534,0.043117,0.0045582,-0.0091699,-0.0073016
0.015308,0.041005,0.024529,0.020257,-0.013853,0.01441,0.051838,-0.0063087,-0.0118,-0.012991
0.0081062,0.033572,0.032449,0.011181,-0.0045054,0.023448,0.04774,0.0066787,-0.0018341,-0.0031404
0.038855,0.0056114,0.030131,-0.012137,0.0062136,0.016503,0.0073648,0.0178,-0.0065624,-0.019072
0.00053639,0.045043,0.046268,0.01314,-0.0024589,0.0073296,0.026368,0.030265,-0.0026988,-0.0032951
0.050697,-0.016246,0.012825,-0.0054797,0.020615,0.013241,0.0019949,0.019593,0.0055049,-0.02938
0.14194,-0.01565,-0.033991,0.031649,-0.0060374,-0.0044642,-0.005043,0.0031618,0.0083732,0.0031103
0.013016,0.0071302,0.025046,-0.029764,-0.0047391,0.0055343,0.0091002,-0.017769,-0.019606,0.0086042
0.029508,-0.01018,0.011215,-0.0214,-0.0061621,0.0027253,0.013861,-0.014414,-0.014047,0.0039079
-0.040748,-0.057284,0.0045846,0.00068629,-0.026067,-0.0069956,0.0081702,-0.01009,0.003404,0.00098133
0.059916,-0.032272,0.0088156,-0.050674,0.011496,-0.00026019,0.0060782,0.0040903,-8.1325e-05,-0.0017099
-0.054424,-0.07781,0.0069052,0.0099967,-0.028069,-0.01985,0.011156,0.0024406,0.0084732,-0.0042216
-0.056263,-0.087676,0.0050343,0.0059178,-0.03665,-0.037383,0.013629,0.010453,0.011784,-0.0036899
0.047803,-0.022861,0.020231,-0.067103,0.022674,-0.0022552,0.0034279,0.0018087,-0.007157,0.0073212
-0.0027013,0.046291,0.022242,-0.0044396,-0.014807,-0.011231,0.0024329,-0.031043,-0.01125,-0.017471
0.011107,0.039477,0.018401,0.004933,-0.015765,-0.009089,0.0056074,-0.032091,-0.025139,-0.016005
0.016596,0.037349,0.022064,0.0028688,-0.020516,-0.0018719,9.3377e-05,-0.020053,-0.024455,-0.0098981
-0.015595,0.040581,0.0027005,-0.010703,0.0045501,-0.012766,-0.007643,-0.015643,0.0025377,-0.010117
0.13299,-0.0071388,-0.031645,0.040662,-0.016765,-0.0077382,-0.0026165,-0.0090007,-0.0061562,0.010013
-0.0013299,0.057252,0.044581,0.0027675,-0.029796,-0.0069502,-0.025587,0.015259,-0.010377,0.00017689
-0.013542,0.053644,0.0071388,-0.0038597,-0.017858,-0.012901,-0.015063,-0.0055021,-0.012511,-0.011789
-0.01096,0.054397,0.039215,-0.0036181,-0.019009,-0.017149,-0.02493,0.010574,-0.0051298,0.00088398
-0.0096649,0.06564,0.04998,0.0047903,-0.033017,-0.0096338,-0.031517,0.029208,-0.0085958,6.1404e-06
-0.01004,0.033711,0.019657,0.013089,-0.0055501,0.005789,-0.0073752,-0.0053442,-0.00016174,-0.017093
-0.0089386,0.062709,0.050007,0.0011801,-0.027108,-0.0071805,-0.025677,0.027095,-0.0064944,0.0024337
-0.010694,0.056228,0.023843,0.00026588,-0.014958,-0.017252,-0.0096445,0.0010868,-0.0076276,-0.0040517
-0.014142,0.055026,0.030903,-0.0075454,-0.012957,-0.024256,-0.018254,-0.0013824,-0.0020623,-0.00055021
-0.057405,-0.048777,-0.023013,0.0075048,-0.019961,0.035439,-0.010223,0.0011817,-0.0056124,0.00067327
-0.040143,-0.035987,-4.4047e-05,0.0085996,0.0078405,0.032622,-0.015849,-0.0092675,0.010327,-0.00077834
-0.011411,-0.036831,0.0069699,0.005468,0.0027398,0.035267,-0.0059203,-0.0071447,0.0035042,-0.00329
-0.051447,-0.051132,-0.0075585,0.013518,-0.0033337,0.036354,-0.013648,-0.0059502,0.00067626,-0.0024107
-0.052076,-0.060132,0.0068159,0.028606,0.012655,0.0051573,-0.0065992,-0.00095782,-0.0028133,-0.0082295
-0.034381,-0.048889,0.017477,0.028895,0.018559,0.014686,-0.011183,-0.0058404,0.0056706,-0.01092
-0.020169,0.02031,0.026001,0.0084328,-0.012815,0.017134,-0.028766,0.0047729,0.002104,-0.0019174
0.080859,0.011968,-0.008924,0.032326,-0.015969,-0.0030785,0.0094143,-0.012726,-0.014637,0.0048109
0.11512,-0.0034255,-0.020407,0.032111,-0.012792,-0.0017634,-0.00087397,-0.0062668,-0.0058968,0.0087319
0.11404,-0.010128,-0.022278,0.033159,-0.0033546,-0.0013126,-0.0030388,0.0019692,0.0026697,-0.0047968
0.13203,-0.014913,-0.032363,0.040466,-0.010499,-0.0063837,-0.0055421,-0.0030959,0.0023834,0.0063381
0.12287,-0.017182,-0.029425,0.037258,-0.0081353,-0.0019393,-0.005593,-0.00055625,0.0051881,0.0027071
0.14377,-0.016192,-0.034446,0.03039,-0.0085449,-0.0073796,-0.0068741,0.00030057,0.0054205,0.0084666
0.13633,-0.019829,-0.029092,0.022729,-0.00045464,-0.001722,-0.0043166,0.0098824,0.011879,-0.0071199
0.084218,-0.007131,-0.00242,-0.011577,0.010421,0.0063963,0.0032429,0.011464,0.0076916,-0.027822
0.14482,-0.019206,-0.035441,0.029336,-0.003829,-0.0057969,-0.0081024,0.0042507,0.010391,0.0060641
-0.016812,0.048868,0.010011,0.0044348,-0.006543,0.0083508,0.0087032,-0.026146,0.0041349,-0.0088128
-0.060047,-0.081251,-0.0082231,-0.0036406,-0.052343,-0.021995,0.015289,0.0093137,0.0066242,0.0028451
-0.042897,-0.067655,0.0092939,-0.012272,-0.033828,-0.025986,0.012215,0.0011691,0.011302,0.0056305
0.017082,0.019667,0.008764,-0.0036357,-0.00206,-0.00060121,0.0066735,-0.013113,0.0074945,-0.0090724
-0.0018123,0.026475,0.016311,-0.0079594,-0.000863,-0.0045123,-0.011167,-0.01327,0.0071643,-0.0026058
0.085442,-0.01674,-0.00033147,-0.028633,0.0043095,-0.00020194,0.0013857,-0.0027657,-0.0071758,0.012398
-0.0054235,0.05812,0.051612,0.011224,-0.030163,-0.0043727,-0.025167,0.024973,-0.0053938,0.0033305
-0.01204,0.067765,0.050711,0.0038649,-0.031418,-0.006968,-0.032023,0.030697,-0.0035651,0.00304
-0.020611,0.057073,0.023543,0.001824,-0.018083,-0.0088913,-0.024428,0.0050355,0.0010946,-0.0062155
-0.004046,0.062526,0.050518,0.0087274,-0.029751,0.0014706,-0.023555,0.028634,-0.0061598,-0.001048
-0.0073775,0.057435,0.051376,0.0087873,-0.016366,0.0035981,-0.0069988,0.031262,0.0057548,0.013205
-0.01503,0.063195,0.038489,0.0027693,-0.022683,-0.0033332,-0.024941,0.021579,0.0040098,-0.0013802
-0.0036032,0.053943,0.042729,0.010862,-0.027313,0.0014232,-0.012563,0.014874,-0.0043409,0.00044813
-0.016069,0.052585,0.041095,0.014969,0.0028061,-0.0012987,0.0070109,0.02393,0.01495,0.025063
-0.024026,0.058056,0.017296,0.0032621,0.0016827,0.00015667,0.001678,0.0024982,0.017591,0.014935
-0.031031,0.061581,-0.012438,-0.0032104,0.0033337,-0.0055946,-0.0067343,-0.0082106,0.012609,-0.0022595
-0.028598,0.012272,0.005231,-0.0096594,-0.0032373,0.016323,-0.013461,-0.015448,0.013254,0.0099816
-0.053697,-0.028545,-0.017474,0.010438,-0.0042722,0.034832,-0.0074646,-0.006183,0.0039883,-0.00045074
-0.056599,-0.037569,-0.043459,-0.0069139,-0.024741,0.019138,0.0025295,0.016087,-0.015353,0.0029266
-0.05129,-0.038728,-0.010999,0.01123,-0.016915,0.047442,-0.012713,-0.0097679,0.0034295,0.0034096
-0.033289,-0.0024699,-0.0010487,0.0041145,-0.00099388,0.051066,-0.019834,-0.015084,0.014481,0.013618
-0.043378,-0.043126,-0.0089652,-0.0027065,-0.02039,0.038424,-0.013684,-0.0067054,0.0011638,0.002786
-0.037132,-0.045242,0.0054245,0.012687,-0.0010616,0.033733,-0.019217,-0.011113,0.011915,-0.0025251
0.0090632,0.030599,0.023999,-0.0015348,-0.0090141,-0.0038592,0.0092608,-0.030187,-0.01827,-0.019922
0.07184,0.012977,-0.0022317,0.033616,-0.014389,0.0038312,0.0084152,-0.011473,-0.011336,0.00048862
0.12589,-0.0030898,-0.029623,0.044084,-0.020021,-0.0080875,-0.00083212,-0.013527,-0.01095,0.011171
0.03713,0.010317,0.016197,-0.016642,-0.0061383,0.0060247,-0.0020744,-0.015871,-0.021366,0.005988
0.03635,-0.0087962,0.011554,0.00051394,0.0081189,0.0047885,-0.00064405,-0.002024,-0.0038608,-0.015908
0.13105,-0.0050077,-0.028378,0.040425,-0.016616,-0.005682,-0.00070369,-0.0057229,-0.0053478,0.0045552
0.04192,0.014855,0.015691,0.0042698,-0.011163,0.0023979,0.015469,0.0069603,-0.0076537,-0.022632
0.1185,-0.010324,-0.027936,0.035011,-0.012893,-0.0042329,-0.0054269,-0.0099826,-0.0033344,0.013565
0.070104,0.0089187,0.0020824,0.0012706,-0.011451,-0.00015443,0.006356,-0.0185,-0.023099,0.0047884
0.062516,-0.018211,0.012236,-0.028626,0.015472,0.0090897,0.0038959,0.016184,0.0012504,-0.023582
0.14147,-0.011492,-0.037362,0.041704,-0.015115,-0.0081462,-0.0074129,-0.0058216,0.0017244,0.015038
-0.0094971,0.042845,0.025003,-0.00011809,-0.015714,-0.0043676,0.0019132,0.0050161,-0.0050249,-0.0071727
0.1266,-0.014645,-0.025071,0.011024,-0.0044554,-0.0070346,-0.0037213,-0.0038048,-0.00065881,0.016203
0.13611,-0.017907,-0.033017,0.023063,-0.005582,-0.00444,-0.0088962,-0.00052779,0.0083277,0.013189
0.14074,-0.020264,-0.036404,0.032746,-0.0064065,-0.006771,-0.0082359,0.00077141,0.0094134,0.010294
0.11632,-0.023549,-0.02068,0.012553,0.0065815,0.0014879,-0.0043327,0.009931,0.011136,-0.013138
0.11263,-0.025303,-0.011618,-0.020906,0.016755,0.0030049,-0.0040697,0.017143,0.013346,-0.016737
0.08768,-0.018023,-0.003262,-0.016566,0.0095289,0.0039389,-0.0047254,0.0039804,0.00091626,0.0049011
0.12957,-0.022093,-0.023438,-0.0028066,0.0049219,-0.0016795,-0.0059638,0.0089296,0.011152,-0.0019414
0.075373,-0.01761,0.0075288,-0.040978,0.01815,0.005005,0.0020858,0.011273,0.0016432,-0.014612
0.095367,-0.023363,-0.0031038,-0.035499,0.017031,0.0092578,0.0017441,0.018727,0.011211,-0.023879
0.10883,-0.018031,-0.013619,-0.01117,0.0069572,0.0021491,-0.002154,0.0064993,0.0047633,-0.0094957
0.098353,-0.023208,-0.0052044,-0.037221,0.014883,-0.0032391,-0.0024137,0.0061533,0.0037143,0.0074498
0.05066,-0.035866,0.016881,-0.07078,0.015554,-0.0088594,0.0054472,0.0038962,-0.0010005,0.011305
-0.020905,0.043832,0.0025598,-0.0084835,-0.0075187,-0.012242,-0.013035,-0.033407,0.018863,-0.014765
-0.036679,0.008506,-0.018862,-0.0084962,-0.025538,0.0041154,0.0041895,-0.0091697,-0.006854,0.0018374
-0.013841,0.032566,0.0039199,-0.0033819,-0.019072,0.0013213,0.0083396,-0.028229,-0.012483,-0.0067117
-0.015487,0.032419,-0.0053163,-0.0080111,0.0038935,-0.013528,-0.0044751,-0.014975,0.013885,-0.0097836
-0.051121,-0.044304,-0.016291,-0.0010519,-0.027676,0.0017832,0.0049011,-0.0022698,-0.00025793,0.0014742
-0.025308,-0.027467,0.0074924,-0.023345,-0.026392,-0.0065195,0.0081157,-0.013695,-0.0093985,0.0089194
-0.030221,-0.00085517,-0.0099287,-0.019208,-0.028803,0.0071719,0.005535,-0.016079,-0.014761,0.00064121
-0.011476,0.014646,0.010225,-0.016525,-0.022274,-0.0085069,0.014407,-0.030541,-0.014163,0.0011276
-0.017095,0.046535,0.0065872,-0.0075154,-0.0068447,-0.017751,0.0037141,-0.03294,0.0020608,-0.011095
-0.037301,-0.069775,0.0041493,-0.023464,-0.036979,-0.012432,0.012456,0.00090802,0.0068234,0.006173
-0.050451,-0.073564,0.0033484,-0.0048158,-0.041651,-0.020552,0.013291,0.00020899,0.0071607,0.00079468
-0.023883,0.063166,0.015414,-0.00016867,-0.0088214,-0.016702,-0.022731,-0.016621,0.0058244,-0.013654
-0.024398,0.047014,0.0043012,-0.0017781,0.0029417,-0.021927,-0.012467,-0.0073985,0.0056229,-0.0099049
-0.023855,0.050129,0.0089662,0.0060829,-0.0047667,-0.0050717,-0.0069613,0.0012168,-0.0016318,-0.00010556
-0.024191,0.052795,-0.006951,-0.0044124,-0.0082491,-0.0096048,0.0038362,-0.0055386,0.0044324,0.00036157
-0.035854,0.056813,-0.032361,-0.0082979,-0.00083887,-0.0095602,-0.0013279,2.5772e-05,0.006568,-0.004516
-0.043784,0.05901,-0.058735,-0.013348,0.013097,-0.0125,-0.0015664,-0.002169,0.0075154,-0.0024533
-0.027319,0.036304,-0.0059754,0.00051061,0.002267,-0.0074357,-0.0012388,-0.0063979,0.015103,-0.0102
-0.053971,0.047134,-0.069562,-0.0091676,0.018888,-0.0052997,-0.00084186,0.0087378,-6.5923e-05,0.001557
-0.049878,0.036357,-0.060518,-0.012337,0.0011233,0.0032392,9.6891e-05,0.0096873,-0.0060719,0.0030367
-0.042839,0.060702,-0.056906,-0.012124,0.0174,-0.022818,7.7084e-06,0.0005734,0.006917,-0.0037848
-0.041592,0.037341,-0.060149,-0.019145,0.017296,-0.015863,0.0025008,-0.00083511,0.0091492,0.0018275
-0.039534,0.043679,-0.04844,-0.01404,0.011151,-0.016935,-0.00018906,-0.01537,0.020055,-0.0089856
-0.050296,0.050027,-0.066221,-0.010503,0.021684,-0.015981,0.0038052,0.0050777,0.0035812,-0.00079123
-0.029025,0.053294,-0.020824,-0.00906,0.0056702,-0.02035,-0.0026218,-0.018349,0.020484,-0.014211
-0.048213,0.049797,-0.068603,-0.013127,0.021248,-0.021713,0.0014432,0.010963,-0.0011987,3.2255e-05
-0.043401,0.043787,-0.033805,-0.00032262,0.012531,0.0076878,-0.00482,-0.005472,0.0082173,0.001246
-0.023448,0.051586,-0.013989,-0.012807,0.0060085,-0.028494,-0.0067858,-0.029231,0.020875,-0.01883
-0.055526,0.043316,-0.077563,-0.011981,0.01081,0.00021827,0.0013047,0.010628,-0.0042472,-0.0011027
-0.041882,0.033344,-0.054159,-0.0088496,0.024956,-0.016486,0.004573,0.0044389,0.0026706,0.0044101
-0.038681,0.055509,-0.051411,-0.017029,0.014596,-0.027011,0.004357,-0.012777,0.014846,-0.0084381
-0.054536,0.047447,-0.081595,-0.014589,0.014357,-0.010772,0.0059464,0.013223,-0.0049907,0.001265
-0.052534,0.016269,-0.049664,-0.0059072,-0.0048286,0.025162,-0.0092778,0.0082287,-0.0085252,0.0046842
-0.056586,0.038786,-0.086272,-0.013981,0.01512,-0.0087051,0.0055563,0.017599,-0.0093034,0.0015644
-0.056056,0.022631,-0.075329,-0.012936,-0.0016624,0.0050794,0.011053,0.012466,-0.013622,0.0032228
-0.054009,0.047893,-0.082632,-0.01631,0.010495,-0.0093242,0.004421,0.01445,-0.0077192,0.00033737
-0.061189,0.018961,-0.083736,-0.012099,-0.0024478,0.013655,0.0038098,0.019349,-0.018218,0.0029357
-0.054734,-0.00098785,-0.05964,-0.013175,-0.016835,0.025538,-0.00051217,0.01089,-0.022103,0.0037255
-0.062947,-0.018002,-0.06236,-0.0036959,-0.01256,0.0067177,0.0065949,0.021868,-0.019129,0.0015681
-0.062178,-0.018559,-0.064622,-0.0082093,-0.021545,0.00022424,0.0087775,0.023845,-0.020513,0.0025798
-0.065129,-0.036026,-0.049394,0.0060514,-0.010481,0.01944,-0.0025224,0.015875,-0.020163,-0.0023109
-0.0096082,0.050567,0.039763,0.014551,-0.0017385,0.0068755,0.027787,0.028702,0.011406,0.014281
-0.01598,0.060347,0.0466,0.010382,-0.018616,0.003805,-0.012416,0.027931,0.01034,0.014851
-0.030456,0.052005,-0.0034347,0.007181,0.014107,0.0011923,0.021548,0.0062316,0.024938,0.021644
-0.0083475,0.044901,0.026169,0.013523,0.0017765,0.015515,0.055485,6.9594e-05,0.011786,0.00060687
-0.011747,0.035557,0.020225,0.020524,-0.00088947,0.028854,0.052555,-0.0080811,0.0066282,0.0004229
-0.018835,0.032882,0.020548,0.019015,0.010987,0.014568,0.045845,-0.01218,0.011276,0.001445
-0.021012,0.041232,0.032098,0.01234,0.008599,0.0078361,0.008671,0.010841,0.022247,0.022502
-0.01944,0.03749,0.028916,0.0022227,-0.008767,0.013341,-0.012167,-0.0025442,0.019317,0.017681
0.026243,0.029023,0.0224,0.029628,-0.0012625,0.013529,0.046399,0.005292,0.00057353,-0.00020277
-0.016258,0.030806,0.011637,0.022959,0.010925,0.018798,0.041787,-0.01363,0.011487,0.0058546
-0.0082646,0.018652,0.026553,0.023887,0.015054,0.013249,0.013898,0.0067122,0.0067281,0.012968
-0.0041129,0.033275,0.03648,0.023665,0.017884,-0.001088,0.018504,0.018889,0.00082423,0.012391
-0.022564,0.054222,0.016246,0.0049235,-0.0029958,0.00055566,0.0040002,-0.011223,0.016232,0.0070748
-0.012494,0.044992,0.04035,0.017836,0.0031784,-0.0014166,0.005418,0.01472,0.011046,0.018972
0.02701,-0.016815,0.025374,-0.021151,0.021451,0.0052813,0.0055105,0.012105,-0.0034122,-0.011632
-0.025465,-0.0061994,0.028761,0.043698,0.059724,-0.014939,0.011051,0.005527,-0.014712,0.011385
-0.02975,-0.00509,0.027339,0.043082,0.055169,-0.0053292,0.003681,0.0070509,-0.009894,0.013176
0.0064716,-0.0099428,0.033064,-0.036778,0.024557,0.0011747,-0.0086506,-0.0032925,-0.0092743,0.0090023
-0.036281,0.0011527,0.0071869,0.039807,0.056856,-0.013749,0.0047923,0.0049127,-0.0064583,0.0074207
-0.010424,-0.024749,0.007795,-0.02219,-0.020006,-0.0020142,0.010361,-0.0090374,-0.00095884,-0.0013807
-0.033715,-0.015085,0.021761,0.045108,0.069135,-0.021564,0.001408,0.0028556,-0.016769,0.0068632
0.0087765,-0.011464,0.028383,-0.040559,0.02152,0.011566,-0.0056177,0.0021327,-0.0025659,0.0068508
-0.049876,-0.058638,0.023873,0.04894,0.046933,-0.020429,-0.0088186,0.00016872,-0.0085411,-0.0069435
0.016519,-0.036349,0.019327,-0.06654,0.0038518,-0.0027709,0.0054432,-0.0060313,-0.0041986,0.013459
-0.0325,0.0038046,0.009946,0.018196,0.051071,-0.026897,-0.0016587,-0.0076388,-0.0082868,0.011575
0.0092954,-0.02208,0.028985,-0.055975,0.026497,-0.0054754,-0.0076467,-0.0088123,-0.0068626,0.018673
-0.051161,-0.069438,0.022076,0.043725,0.036455,-0.018331,-0.010115,0.00091224,-0.0055316,-0.012962
-0.053987,-0.072129,0.017421,0.029898,0.0097114,0.0046197,-0.014117,-0.0018975,0.0022228,-0.0093591
-0.033669,-0.028269,0.024311,0.041105,0.059703,-0.021356,-0.0067808,-0.0058657,-0.016112,0.0054696
-0.018081,-0.049651,0.022324,-0.048437,-0.010707,-0.015963,0.0035114,-0.014053,-0.0016845,0.022595
0.019351,-0.03898,0.020455,-0.061536,0.017568,0.00044368,1.7813e-05,0.0077167,0.00071407,-0.0067807
-0.055363,-0.077139,0.0019329,0.011197,-0.015318,-0.03454,0.0099341,0.011458,-0.00030487,-0.0013074
-0.012144,-0.036904,0.026815,-0.037794,0.013334,-0.0085565,-0.0044095,-0.010462,-0.0083492,0.01813
-0.046618,-0.056213,0.018873,0.040699,0.040659,-0.01423,-0.0083187,-0.00098948,-0.013991,-0.003029
-0.055936,-0.070121,0.01279,0.040254,0.024192,-0.017044,-0.0062571,0.0030225,-0.0084473,-0.0093633
0.00069195,-0.040334,0.016053,-0.05051,0.0083269,0.0013903,-0.0024483,-0.00066967,-0.00081726,0.0046092
-0.054394,-0.087507,0.013524,0.0097324,-0.020911,-0.033165,0.0057442,0.0045409,0.011146,-0.0028124
-0.0093471,-0.014797,0.019111,-0.046903,0.0073197,-0.0053982,-0.0088851,-0.013915,-0.0098842,0.021751
-0.0035173,-0.043266,0.022453,-0.037714,0.014986,0.0030348,-0.005929,-0.0059764,-0.0032033,0.0095225
-0.046604,-0.04946,0.014252,0.035391,0.045521,-0.029797,-0.0042991,0.0031943,-0.016588,-0.00086075
-0.04148,0.051676,-0.036424,-0.011462,-0.002825,-0.0049565,-0.011534,0.0030915,-0.0038958,0.00034845
-0.036803,-0.0014079,0.012391,0.027246,0.019447,0.011359,-0.022347,-0.0042111,0.00093051,-0.0081787
-0.046241,0.011274,-0.030452,-0.00060964,-0.0017353,0.030247,-0.0097429,-0.0044921,0.0015177,0.0018895
-0.054369,-0.041164,-0.026824,0.0016845,-0.020447,0.038363,-0.0096704,-0.0011216,-0.0049073,0.0014252
-0.054255,-0.028609,-0.041187,-0.0043636,-0.020741,0.029614,-0.00099898,0.0072949,-0.01605,0.0045244
-0.031718,-0.034759,0.014261,0.036975,0.039848,0.014939,-0.011344,-0.0043458,-0.0026881,-0.0019199
-0.059591,-0.069279,-0.013641,0.0041265,-0.032651,-0.0069051,0.0053029,0.011229,0.00015877,0.0022444
-0.037699,-0.034752,0.0079616,0.019958,0.0097838,0.031303,-0.012767,-0.0037585,-0.00017169,-0.0040732
-0.048949,-0.055893,0.0081065,0.032773,0.01958,0.013791,-0.0095207,-0.0013946,-0.0032045,-0.013532
-0.041515,-0.056534,0.010165,-0.0022649,-0.019273,0.013037,-0.0038068,-0.004276,0.0074895,0.0047302
-0.051081,-0.044731,-0.010274,0.018117,0.0058099,0.03076,-0.01419,-0.0028071,-0.0075532,-0.0054894
-0.061848,-0.085397,-0.002282,0.014712,-0.026778,-0.024705,0.0077767,0.012616,0.0038215,-0.0067519
-0.052785,-0.061917,0.011199,0.031129,0.0099993,0.020036,-0.015023,-0.0060317,0.003219,-0.010828
-0.053837,-0.07348,0.015125,0.028255,0.0075901,0.0032817,-0.011853,-0.00072904,0.0024761,-0.0076927
-0.038481,-0.072044,0.0059518,-0.020272,-0.043626,-0.020183,0.012145,0.0011488,0.012237,0.0045469
-0.060902,-0.088951,0.003899,0.010285,-0.02991,-0.0023597,-0.00089611,0.00039853,0.010228,-0.0042529
-0.055819,-0.086427,0.0093177,0.0084243,-0.033901,-0.027932,0.0087862,0.0047582,0.013835,-0.0036741
-0.055797,-0.091447,0.010288,0.0034049,-0.03592,-0.02782,0.009328,0.0058628,0.016937,-0.0032289
-0.055052,-0.089137,0.015694,0.0085383,-0.027915,-0.019176,0.0017196,0.0011564,0.015697,-0.0025012
0.029471,-0.036793,0.0081472,-0.032446,0.012646,0.014266,-0.0044222,0.006299,0.0040051,-0.017023
0.039169,-0.023411,0.009834,-0.049921,0.017859,0.024411,-0.0043688,0.006419,-0.00067958,-0.013691
0.037022,-0.027814,0.017073,-0.061291,0.014232,0.0034976,0.0024169,0.00061472,-0.0035911,-7.3882e-05
0.046503,-0.011583,0.012078,0.0033483,0.014918,0.016855,0.0078589,0.0085124,-0.0032342,-0.026128
-0.038934,0.026783,-0.018239,0.011435,0.01531,0.0058132,-0.01038,-0.0032823,0.011485,-0.0058884
-0.02465,0.030256,0.0090124,0.012846,0.010625,0.014104,-0.0048443,-0.016892,0.013164,0.0086855
-0.03076,0.027837,-0.0045934,-0.001833,0.0017255,0.022375,-0.0053801,-0.016053,0.022233,0.015091
-0.038893,-0.009849,0.0045085,0.021741,0.017565,0.036418,-0.0058163,-0.014937,0.016928,0.0051617
-0.011403,0.032572,0.022698,0.0080859,0.0076712,-0.0083716,0.0034734,-0.0043329,0.0060573,0.0069436
-0.035296,-0.018893,0.017105,0.031052,0.034269,0.015393,-0.014022,-0.0019191,0.0043506,0.00031235
-0.012939,-0.024199,0.0052583,-0.0089922,0.0095018,0.043119,-0.020004,-0.0075861,0.012864,-0.00056463
0.051564,-0.021342,0.012469,-0.031586,0.022038,0.010732,7.7875e-05,0.0095098,-0.00095752,-0.018647
-0.013436,0.03191,0.011078,-0.004415,0.0024175,-0.01906,-0.016918,-0.015991,-0.001852,-0.0062197
-0.0040461,-0.026053,0.012856,-0.034593,-0.0049539,-0.007291,-0.0011942,-0.011139,0.0014743,0.0054184
-0.00059965,0.052569,0.041958,0.0053038,-0.019853,0.00028773,0.013627,0.014121,-0.0077034,-0.0079991
0.0012882,0.053033,0.04025,0.017799,-0.019641,0.012147,0.028841,0.013096,-0.0060135,-0.0052394
0.037897,0.03286,0.02369,0.024408,-0.015519,0.013231,0.045383,0.0044532,-0.010231,-0.015492
0.0043864,0.030078,0.026323,0.025023,-0.0019685,0.02711,0.053519,0.0047202,0.0020301,-0.0028563
0.0026823,0.048042,0.039667,0.0038501,-0.0073339,0.0096278,0.019567,0.023702,-0.0021374,-0.0084477
0.074208,-0.0056349,0.014051,-0.030248,0.015239,0.011693,0.0098709,0.025378,0.0057847,-0.03041
0.14113,-0.014841,-0.035303,0.035573,-0.0089009,-0.005049,-0.0063094,0.00076898,0.0065745,0.0063244
0.030648,-0.009695,0.021856,-0.044891,0.0039707,0.0042317,0.00505,-0.010826,-0.015451,0.014011
0.02891,-0.018046,0.014318,-0.044981,-0.00075268,0.0031221,0.0096097,-0.01388,-0.014935,0.0040573
-0.035077,-0.026569,0.0076806,-0.011201,-0.037073,-0.010333,0.014224,-0.014171,0.0066636,0.0038362
0.0565,-0.029195,0.015214,-0.065679,0.016732,-0.0031548,0.0022627,-0.0021046,-0.004451,0.014462
-0.050965,-0.083442,0.0053717,-0.0027903,-0.030487,-0.027998,0.011625,0.0084333,0.0081044,-0.0032812
-0.044536,-0.074871,0.010327,-0.013905,-0.036705,-0.01881,0.012771,-0.0032785,0.0085482,0.0039827
0.02692,-0.036765,0.023739,-0.067412,0.012921,-0.0095458,0.0045139,-0.0018946,-0.0056897,0.015469
0.043278,-0.031463,0.016716,-0.066014,0.014062,-0.0022499,0.0027013,0.0023151,-0.001776,0.0084022
0.0055167,0.033714,0.020168,-0.007913,-0.017596,-0.0068722,0.00077304,-0.03431,-0.023456,-0.012488
0.011041,0.031419,0.016813,0.0016326,-0.010107,-0.0071613,0.0023208,-0.033712,-0.020156,-0.0074025
0.029325,0.020148,0.010273,-0.00061667,-0.01317,-0.0025933,0.0028104,-0.020764,-0.030964,-0.013461
0.040999,0.027523,0.0074689,0.012436,-0.02075,-0.0011453,-0.00020568,-0.021781,-0.023757,-0.0048907
-0.01103,0.033446,-0.0023737,-0.011059,-0.015094,-0.0048867,-0.0071501,-0.022936,-0.013278,-0.0048639
0.11673,-0.00062832,-0.023354,0.039489,-0.018608,-0.0037027,-0.0018814,-0.010966,-0.0096082,0.0079589
-0.017947,0.047464,0.0070071,-0.01196,-0.01243,-0.019163,-0.01952,-0.0053311,-0.0044672,-0.007055
-0.012876,0.06781,0.049762,0.0053112,-0.033236,-0.0032801,-0.035163,0.024891,-0.0041743,0.0020046
0.018777,0.030623,0.024895,-0.0027016,-0.015373,0.00013577,-0.02614,0.0052244,-0.011469,0.0042044
0.0051502,0.050983,0.017512,0.0087326,-0.023744,-0.0051482,-0.012067,-0.0027191,-0.013665,-0.01409
-0.019073,0.044521,0.0054961,-0.013892,0.0043468,-0.024032,-0.01144,-0.0049854,-0.0010271,0.003118
0.0048219,0.047741,0.028314,-0.003615,-0.019874,-0.0015273,-0.015661,0.0062104,-0.014148,-0.010984
-0.016944,0.056591,0.024588,-0.0061842,-0.016174,-0.018891,-0.024369,0.0037255,0.0025627,-0.0010909
-0.0093925,-0.028618,0.010147,-0.0027604,0.0046809,0.0324,-0.017654,-0.010749,0.0074461,0.0086224
-0.00014028,-0.024632,0.015077,-0.0019732,0.019802,0.023345,-0.014841,-0.0040076,-0.00019107,-0.00051229
-0.055527,-0.062084,-0.0079148,0.0082173,-0.022239,0.01967,-0.0062211,-0.0027006,0.00040038,0.00046514
-0.051092,-0.057601,0.012544,0.031575,0.018486,0.023197,-0.019179,-0.010461,0.0078568,-0.01012
-0.037484,-0.031466,0.0090663,0.015312,0.0092309,0.049388,-0.021609,-0.01317,0.014782,0.00062524
-0.03595,-0.054898,-0.0040578,0.0049151,-0.015197,0.019268,-0.0062435,-0.0042019,0.0024333,-0.0017495
-0.019074,0.056533,0.041375,0.0026799,-0.03271,-0.0092766,-0.028599,0.01868,-0.00070564,0.0024882
-0.014739,0.032459,0.020999,0.0075025,-0.0095343,0.020857,-0.022085,0.00054003,0.015705,0.0075053
-0.00063244,0.042703,0.023974,0.00085766,-0.011183,0.0021087,0.013266,-0.019859,-0.0067967,-0.013211
0.07899,0.011032,-0.011903,0.023206,-0.019672,-0.006669,0.001609,-0.022527,-0.023673,0.0047332
0.098844,0.0098603,-0.012465,0.0361,-0.01965,-0.0058918,0.00073921,-0.0065045,-0.014426,0.0049776
0.13526,-0.011242,-0.034007,0.045662,-0.014738,-0.0070466,-0.0050086,-0.0056334,-0.00089586,0.0069925
0.11627,-0.0070065,-0.02641,0.045286,-0.011803,-0.0053111,-0.0029714,-0.0078997,-0.0034328,0.006106
0.12837,-0.0052582,-0.03035,0.044564,-0.015931,-0.0049214,-0.0015209,-0.0064106,-0.0012535,0.0088125
0.13929,-0.014479,-0.03371,0.029518,-0.0088556,-0.0065968,-0.0065447,-0.00024215,0.0052663,0.0077193
0.12101,-0.014145,-0.017447,0.0080035,0.0044344,0.0027798,0.00026912,0.012759,0.0075133,-0.017754
0.13816,-0.015037,-0.036134,0.041802,-0.012408,-0.0055889,-0.0078592,-0.0036982,0.003483,0.00957
0.14312,-0.017015,-0.030691,0.022048,-0.0017747,-0.0020932,-0.0044348,0.0090196,0.011233,-0.0052493
0.094256,-0.015519,-0.0097301,0.0080396,0.0073854,0.0085756,0.0087502,0.012868,0.010962,-0.022317
0.1368,-0.018247,-0.033091,0.030111,-0.0027121,-0.0061107,-0.0060359,0.0036652,0.0089551,0.0053206
0.13123,-0.01861,-0.022628,0.0040366,0.006005,0.0017556,-0.0020369,0.013034,0.012249,-0.014451
0.073385,-0.016701,0.0068143,-0.044489,0.021762,0.0077984,0.0016539,0.013182,0.0070798,-0.023712
0.087802,-0.029875,0.0022272,-0.041449,0.0255,0.0070791,-0.0015608,0.018536,0.009767,-0.020239
0.081368,-0.01991,0.0060863,-0.047765,0.021296,0.0087718,-0.00048411,0.014138,0.0050959,-0.02059
-0.052003,-0.05881,-0.012325,-0.0078551,-0.04293,-0.0016098,0.0086328,0.00094615,0.00019099,0.0051606
-0.051648,-0.075376,0.0011924,-0.0073468,-0.045355,-0.015254,0.010299,0.0031747,0.0062803,0.0032586
-0.0083641,0.0391,0.017567,-0.0062576,-0.0017189,-0.013099,-0.0070626,-0.011501,0.0050712,-0.0088274
-0.0031064,0.025138,0.0061268,-0.0056941,-0.004682,0.0050986,0.0029877,-0.003002,-0.001721,-0.014209
0.055997,-0.011079,0.014851,-0.047889,0.012937,0.0020128,0.01327,-0.0054848,-0.0098162,0.0068597
0.054479,-0.030486,0.014291,-0.06739,0.016872,-0.001631,0.0051035,0.00080296,-0.0053745,0.0093593
-0.02682,0.025303,0.0084443,0.011328,-0.001064,0.031377,-0.0094709,-0.016283,0.013299,0.0075212
-0.052221,-0.011578,-0.0351,-0.0032824,-0.012794,0.042905,-0.0094707,-0.0035176,-0.0034133,0.010177
-0.00043927,0.002771,0.0056821,0.0098494,-0.0045576,0.031967,-0.0045088,-0.014646,0.0029395,0.01302
-0.012606,0.0078133,0.023351,-0.0015119,-0.0040279,0.016036,-0.011432,-0.002701,0.01269,0.0078284
-0.035402,-0.020891,-0.015289,-0.0034376,-0.0069133,0.040666,-0.0070987,-0.0055365,0.0064996,0.0073859
0.0085737,0.053799,0.045825,0.010472,-0.030539,-0.0071871,-0.015601,0.020138,-0.017822,-0.00063721
-0.0093185,0.062626,0.050255,0.0022705,-0.030985,-0.0096688,-0.034833,0.027406,-0.0085041,-0.00091578
0.0041704,0.053559,0.049719,0.010198,-0.021419,0.0020092,-0.0074353,0.02928,-0.0033515,0.011891
-0.013375,0.061504,0.054687,0.01602,-0.021351,-0.0014622,-0.0099357,0.036825,-0.0010637,0.0068341
-0.0084505,0.053395,0.047891,-0.00085778,-0.020665,0.0024176,-0.029549,0.020679,0.0019156,0.012827
-0.010771,0.047707,0.038897,0.012414,-0.026961,0.010711,-0.00010389,0.016994,-0.0014266,-0.00033845
-0.017634,0.04834,0.028582,0.0024739,-0.0098753,0.006115,-0.026733,0.007501,0.0051868,-0.00047559
-0.013484,0.056018,0.035433,0.0061685,-0.015301,0.000542,-0.014041,0.0052087,0.0019109,-0.0012345
0.0048464,0.032854,0.017345,-0.011689,-0.0084725,-0.0045713,0.0065622,-0.031915,-0.020021,-0.011899
0.063246,0.021526,0.0031361,0.030607,-0.018409,0.002094,0.013633,-0.0086177,-0.013748,-0.010623
0.049415,0.026254,0.014972,0.016063,-0.018839,-0.00071487,0.0094055,-0.0061798,-0.019786,-0.011523
0.077917,-0.006698,0.0058164,-0.01052,0.0066791,0.0099086,0.013755,0.020139,0.0025835,-0.026825
0.062785,0.021459,0.0021824,0.019993,-0.022857,-0.0048004,0.0027311,-0.019937,-0.027806,-0.0039164
0.13926,-0.011267,-0.035124,0.038252,-0.013496,-0.0087628,-0.0057979,-0.0059846,-0.00099036,0.01291
0.094048,-0.0041227,-0.0038188,-0.0002619,-0.0043258,0.0030664,0.0037923,-0.0066732,-0.011361,0.0011331
0.13167,-0.010303,-0.032506,0.033825,-0.013727,-0.0066394,-0.005568,-0.0095185,-0.0020799,0.018574
0.14847,-0.014917,-0.039658,0.039204,-0.011965,-0.0090704,-0.0079355,-0.0022798,0.0059238,0.014557
0.022016,0.019884,0.0090512,0.0031059,-0.011633,0.0061222,0.0060889,-0.0048813,-0.0057573,-0.01123
0.12929,-0.016223,-0.026603,0.011937,-0.0022912,-0.0067384,-0.0055088,0.00080139,0.0048062,0.01246
0.14418,-0.018718,-0.035024,0.023259,-0.0045336,-0.0065079,-0.0071407,0.0022534,0.0094891,0.0094379
0.10929,-0.019886,-0.012558,-0.016346,0.0059901,-0.0026184,-0.0045295,0.0013637,0.0025696,0.014578
0.13009,-0.02015,-0.027284,0.011373,-0.0024043,-0.0031289,-0.0047682,0.0055719,0.0090921,-0.00057189
0.1051,-0.02188,-0.0085971,-0.030728,0.012559,-0.0018343,-0.0023517,0.0062642,0.0047247,0.0068543
0.097319,-0.026296,-0.0079741,-0.022546,0.010604,0.0016969,-0.0010164,0.0096708,0.0062852,-0.012973
0.077031,-0.0272,0.0056241,-0.05594,0.015594,-0.0031925,0.0007628,0.00059548,-0.00207,0.015703
-0.02746,0.051219,-0.012478,-0.0091802,0.0010406,-0.013251,-0.0022002,-0.030459,0.022472,-0.0084465
-0.010651,0.038133,0.0074248,-0.0093897,0.0063675,-0.019445,-0.0047158,-0.016266,0.017072,-0.0091917
-0.050923,-0.017084,-0.037742,-0.009821,-0.023045,0.01269,0.0054551,0.00081639,-0.010043,0.0053541
-0.012071,-0.0035352,-0.0089179,-0.021478,-0.01864,0.011873,0.0075298,-0.015945,-0.020413,-0.00086283
-0.03531,-0.029705,0.0025756,-0.017651,-0.037842,0.002883,0.0042254,-0.0084245,-0.00022701,0.0065598
-0.014468,-0.021109,0.010011,-0.03159,-0.019691,-0.00074094,0.011014,-0.020784,-0.013453,0.010357
-0.016422,0.047207,0.010058,-0.0069395,-0.0083802,-0.015584,0.0064871,-0.03064,0.0053502,-0.0091376
-0.048043,-0.035029,-0.014962,0.0010282,-0.017095,0.030999,-0.0029191,-0.0072336,-0.0057037,-0.00018999
-0.044285,-0.058385,0.008182,-0.0024079,-0.02885,-0.017576,0.010847,-0.00059653,0.0068596,0.0035066
